-- phpMyAdmin SQL Dump
-- version 5.1.1
-- https://www.phpmyadmin.net/
--
-- Host: 127.0.0.1
-- Generation Time: Apr 28, 2022 at 03:53 AM
-- Server version: 10.4.22-MariaDB
-- PHP Version: 8.1.0

SET SQL_MODE = "NO_AUTO_VALUE_ON_ZERO";
START TRANSACTION;
SET time_zone = "+00:00";


/*!40101 SET @OLD_CHARACTER_SET_CLIENT=@@CHARACTER_SET_CLIENT */;
/*!40101 SET @OLD_CHARACTER_SET_RESULTS=@@CHARACTER_SET_RESULTS */;
/*!40101 SET @OLD_COLLATION_CONNECTION=@@COLLATION_CONNECTION */;
/*!40101 SET NAMES utf8mb4 */;

--
-- Database: `coursecompletion`
--

-- --------------------------------------------------------

--
-- Table structure for table `admin`
--

CREATE TABLE `admin` (
  `id` int(11) NOT NULL,
  `fname` varchar(45) DEFAULT NULL,
  `lname` varchar(45) DEFAULT NULL,
  `email` varchar(45) DEFAULT NULL,
  `username` varchar(45) DEFAULT NULL,
  `password` varchar(45) DEFAULT NULL,
  `contact` varchar(45) DEFAULT NULL,
  `course_id` int(11) NOT NULL
) ENGINE=InnoDB DEFAULT CHARSET=utf8mb4;

--
-- Dumping data for table `admin`
--

INSERT INTO `admin` (`id`, `fname`, `lname`, `email`, `username`, `password`, `contact`, `course_id`) VALUES
(10, 'regine', 'salisad', NULL, 'username', 'username', '09207787129', 34),
(11, 'Frances Pher', 'Ramos', NULL, 'framosadmin', 'administration', '09518104483', 34);

-- --------------------------------------------------------

--
-- Table structure for table `course`
--

CREATE TABLE `course` (
  `id` int(11) NOT NULL,
  `name` varchar(245) DEFAULT NULL,
  `institute_id` int(11) NOT NULL
) ENGINE=InnoDB DEFAULT CHARSET=utf8mb4;

--
-- Dumping data for table `course`
--

INSERT INTO `course` (`id`, `name`, `institute_id`) VALUES
(34, 'Bachelor of Science in Information Technology', 11),
(35, 'Bachelor of Industrial Technology Management major in Automotive Technology', 11),
(36, 'Bachelor of Science in Mathematics with Busin', 11),
(37, 'Bachelor of Agricultural Technology', 14),
(38, 'Bachelor of Science in Civil Engineering', 11),
(41, 'Bachelor of Science in Business Administration', 12),
(42, 'Bachelor of Science in Hotel and Restaurant Management', 12),
(43, 'Business of Science in Criminology', 12),
(44, 'Bachelor of Elementary Education', 13),
(45, 'Bachelor of Secondary Education major in Biology', 13),
(47, 'Bachelor of Secondary Education major in Mathemathics', 13),
(48, 'Bachelor of Secondary Education major in Phys', 13),
(49, 'Bachelor of Physical Education major in Schoo', 13),
(50, 'Bachelor of Special Needs Education', 13),
(52, 'Bachelor of Science in Biology', 14),
(53, 'Bachelor of Science in Environmental Science', 14),
(54, 'Bachelor of Science in Nursing', 14),
(58, 'Bachelor of Science in Hospitality Management', 12),
(60, 'Bachelor of Science AgriBusiness Management', 14),
(61, 'Bachelor of Early Childhood Education', 13),
(62, 'Bachelor of Secondary Education Major in Filipino', 13),
(63, 'Bachelor of Secondary Education Major in English', 13),
(64, 'Bachelor of Science in Biology (Major in Animal Biology)', 14);

-- --------------------------------------------------------

--
-- Table structure for table `curriculum`
--

CREATE TABLE `curriculum` (
  `course_id` int(11) NOT NULL,
  `subject_id` int(11) NOT NULL,
  `prerequisites` int(11) DEFAULT NULL,
  `sem` int(1) DEFAULT NULL,
  `year` double DEFAULT NULL,
  `number` int(10) DEFAULT NULL
) ENGINE=InnoDB DEFAULT CHARSET=utf8mb4;

--
-- Dumping data for table `curriculum`
--

INSERT INTO `curriculum` (`course_id`, `subject_id`, `prerequisites`, `sem`, `year`, `number`) VALUES
(44, 130, NULL, 1, 1, 1),
(44, 134, NULL, 1, 1, 1),
(44, 140, NULL, 1, 1, 1),
(44, 137, NULL, 1, 1, 1),
(44, 139, NULL, 1, 1, 1),
(44, 138, NULL, 1, 1, 1),
(44, 147, NULL, 2, 1, 1),
(44, 132, NULL, 2, 1, 1),
(44, 148, NULL, 1, 1, 1),
(44, 522, NULL, 2, 1, 1),
(44, 133, NULL, 1, 1, 1),
(44, 517, NULL, 2, 1, 1),
(44, 141, NULL, 1, 1, 1),
(44, 155, NULL, 2, 1, 1),
(44, 518, 130, 2, 1, 1),
(44, 519, NULL, 2, 1, 1),
(44, 145, 137, 2, 1, 1),
(44, 146, 138, 2, 1, 1),
(44, 520, NULL, 1, 2, 1),
(44, 521, NULL, 1, 2, 1),
(44, 523, NULL, 1, 2, 1),
(44, 524, NULL, 1, 2, 1),
(44, 525, NULL, 1, 2, 1),
(44, 527, NULL, 1, 2, 1),
(44, 154, 145, 1, 2, 1),
(44, 528, 520, 2, 2, 1),
(44, 529, 521, 2, 2, 1),
(44, 531, 524, 2, 2, 1),
(44, 532, 525, 2, 2, 1),
(44, 526, 518, 1, 2, 1),
(44, 533, 530, 2, 2, 1),
(44, 534, NULL, 2, 2, 1),
(44, 530, 523, 2, 2, 1),
(44, 536, 518, 1, 3, 1),
(44, 537, NULL, 1, 3, 1),
(44, 538, 519, 1, 3, 1),
(44, 162, 145, 2, 2, 1),
(44, 539, NULL, 1, 3, 1),
(44, 540, 518, 1, 3, 1),
(44, 541, NULL, 1, 3, 1),
(44, 535, NULL, 2, 2, 1),
(44, 542, NULL, 1, 3, 1),
(44, 543, NULL, 2, 3, 1),
(44, 544, 537, 2, 3, 1),
(44, 546, NULL, 2, 3, 1),
(44, 545, NULL, 2, 3, 1),
(44, 547, NULL, 2, 3, 1),
(44, 548, 539, 2, 3, 1),
(44, 550, 556, 1, 4, 1),
(44, 549, NULL, 2, 3, 1),
(44, 551, 556, 1, 4, 1),
(44, 552, NULL, 1, 4, 1),
(44, 553, 550, 2, 4, 1),
(44, 553, 551, 2, 4, 1),
(44, 554, NULL, 2, 4, 1),
(44, 555, NULL, 2, 4, 1),
(50, 148, NULL, 1, 1, 1),
(50, 526, NULL, 1, 1, 1),
(50, 130, NULL, 1, 1, 1),
(50, 141, NULL, 1, 1, 1),
(50, 133, NULL, 1, 1, 1),
(50, 134, NULL, 1, 1, 1),
(50, 137, NULL, 1, 1, 1),
(50, 138, NULL, 1, 1, 1),
(50, 520, NULL, 1, 1, 1),
(50, 139, NULL, 2, 1, 1),
(50, 522, NULL, 2, 1, 1),
(50, 558, 526, 2, 1, 1),
(50, 557, 526, 2, 1, 1),
(50, 559, 526, 2, 1, 1),
(50, 518, 130, 2, 1, 1),
(50, 538, NULL, 2, 1, 1),
(50, 145, 137, 2, 1, 1),
(50, 146, 138, 2, 1, 1),
(50, 140, NULL, 1, 2, 1),
(50, 132, NULL, 1, 2, 1),
(50, 560, 526, 1, 2, 1),
(50, 561, 526, 1, 2, 1),
(50, 562, 526, 1, 2, 1),
(50, 563, 538, 1, 2, 1),
(50, 563, 526, 1, 2, 1),
(50, 536, 518, 1, 2, 1),
(50, 154, 145, 1, 2, 1),
(50, 155, NULL, 2, 2, 1),
(50, 147, NULL, 2, 2, 1),
(50, 564, 526, 2, 2, 1),
(50, 564, 564, 2, 2, 1),
(50, 565, 560, 2, 2, 1),
(50, 566, 563, 2, 2, 1),
(50, 567, 563, 2, 2, 1),
(50, 527, NULL, 2, 2, 1),
(50, 162, 145, 2, 2, 1),
(50, 517, NULL, 1, 3, 1),
(50, 535, NULL, 1, 3, 1),
(50, 568, 563, 1, 3, 1),
(50, 569, 563, 1, 3, 1),
(50, 571, 563, 2, 3, 1),
(50, 519, NULL, 1, 3, 1),
(50, 533, 527, 1, 3, 1),
(50, 570, 563, 1, 3, 1),
(50, 570, 564, 1, 3, 1),
(50, 572, 563, 2, 3, 1),
(50, 573, NULL, 2, 3, 1),
(50, 574, 563, 2, 3, 1),
(50, 574, 564, 2, 3, 1),
(50, 534, NULL, 2, 3, 1),
(50, 540, 519, 2, 3, 1),
(50, 550, 556, 1, 4, 1),
(50, 551, 556, 1, 4, 1),
(50, 554, NULL, 1, 4, 1),
(50, 553, 550, 2, 4, 1),
(50, 553, 551, 2, 4, 1),
(50, 554, NULL, 2, 4, 1),
(50, 555, NULL, 2, 4, 1),
(38, 148, NULL, 1, 1, 1),
(38, 137, NULL, 1, 1, 1),
(38, 577, NULL, 1, 1, 1),
(38, 138, NULL, 1, 1, 1),
(38, 575, NULL, 1, 1, 1),
(38, 147, NULL, 2, 1, 1),
(38, 132, NULL, 1, 1, 1),
(38, 578, 575, 2, 1, 1),
(38, 576, NULL, 1, 1, 1),
(38, 139, NULL, 1, 1, 1),
(38, 130, NULL, 2, 1, 1),
(38, 579, 575, 2, 1, 1),
(38, 580, NULL, 2, 1, 1),
(38, 140, NULL, 2, 1, 1),
(38, 581, NULL, 2, 1, 1),
(38, 145, 137, 2, 1, 1),
(38, 146, 138, 2, 1, 1),
(38, 582, 578, 1, 2, 1),
(38, 583, NULL, 1, 2, 1),
(38, 584, 579, 1, 2, 1),
(38, 585, 580, 1, 2, 1),
(38, 586, 620, 1, 2, 1),
(38, 587, 620, 1, 2, 1),
(38, 134, NULL, 1, 2, 1),
(38, 522, NULL, 1, 2, 1),
(38, 154, 145, 1, 2, 1),
(38, 584, 578, 1, 2, 1),
(38, 588, NULL, 2, 2, 1),
(38, 590, 584, 2, 2, 1),
(38, 589, 576, 2, 2, 1),
(38, 591, 584, 2, 2, 1),
(38, 592, 591, 2, 2, 1),
(38, 141, NULL, 2, 2, 1),
(38, 517, NULL, 2, 2, 1),
(38, 162, 145, 2, 2, 1),
(38, 593, 591, 1, 3, 1),
(38, 594, 585, 1, 3, 1),
(38, 596, 579, 1, 3, 1),
(38, 595, 579, 1, 3, 1),
(38, 597, 582, 1, 3, 1),
(38, 133, NULL, 1, 3, 1),
(38, 598, 181, 2, 3, 1),
(38, 599, 580, 2, 3, 1),
(38, 600, 593, 2, 3, 1),
(38, 601, 593, 2, 3, 1),
(38, 155, NULL, 1, 3, 1),
(38, 602, 181, 2, 3, 1),
(38, 603, 181, 2, 3, 1),
(38, 604, 597, 2, 3, 1),
(38, 604, 593, 2, 3, 1),
(38, 605, 618, 1, 4, 1),
(38, 606, 591, 1, 4, 1),
(38, 607, 594, 1, 4, 1),
(38, 608, 618, 1, 4, 1),
(38, 610, 618, 1, 4, 1),
(38, 535, NULL, 1, 4, 1),
(38, 606, 589, 1, 4, 1),
(38, 611, 618, 2, 4, 1),
(38, 612, 599, 2, 4, 1),
(38, 614, 618, 2, 4, 1),
(38, 615, 618, 2, 4, 1),
(38, 613, 618, 2, 4, 1),
(38, 609, 618, 1, 4, 1),
(38, 616, 618, 2, 4, 1),
(57, 134, NULL, 1, 1, 1),
(57, 132, NULL, 1, 1, 1),
(57, 147, NULL, 1, 1, 1),
(57, 139, NULL, 1, 1, 1),
(57, 140, NULL, 1, 1, 1),
(57, 669, NULL, 1, 1, 1),
(57, 670, NULL, 1, 1, 1),
(57, 671, NULL, 1, 1, 1),
(57, 137, NULL, 1, 1, 1),
(57, 138, NULL, 1, 1, 1),
(57, 672, 670, 2, 1, 1),
(57, 672, 671, 2, 1, 1),
(57, 673, NULL, 2, 1, 1),
(57, 675, 669, 2, 1, 1),
(57, 674, 669, 2, 1, 1),
(57, 676, NULL, 2, 1, 1),
(57, 677, 671, 2, 1, 1),
(57, 678, NULL, 2, 1, 1),
(57, 130, NULL, 2, 1, 1),
(57, 145, 137, 2, 1, 1),
(57, 146, 146, 2, 1, 1),
(57, 148, NULL, 1, 2, 1),
(57, 679, 670, 1, 2, 1),
(57, 680, 676, 1, 2, 1),
(57, 681, NULL, 1, 2, 1),
(57, 682, NULL, 1, 2, 1),
(57, 133, NULL, 1, 2, 1),
(57, 683, NULL, 1, 2, 1),
(57, 154, 145, 1, 2, 1),
(57, 680, 671, 1, 2, 1),
(57, 141, NULL, 2, 2, 1),
(57, 684, 681, 2, 2, 1),
(57, 685, NULL, 2, 2, 1),
(57, 686, 675, 2, 2, 1),
(57, 686, 673, 2, 2, 1),
(57, 687, 680, 2, 2, 1),
(57, 688, NULL, 2, 2, 1),
(57, 162, 145, 2, 2, 1),
(57, 522, NULL, 1, 3, 1),
(57, 155, NULL, 2, 2, 1),
(57, 689, 673, 1, 3, 1),
(57, 690, NULL, 1, 3, 1),
(57, 691, 686, 1, 3, 1),
(57, 692, 686, 1, 3, 1),
(57, 693, 133, 1, 3, 1),
(57, 692, 687, 1, 3, 1),
(57, 694, NULL, 1, 3, 1),
(57, 517, NULL, 2, 3, 1),
(57, 695, 689, 2, 3, 1),
(57, 696, 673, 2, 3, 1),
(57, 696, 692, 2, 3, 1),
(57, 697, 690, 2, 3, 1),
(57, 699, 672, 2, 3, 1),
(57, 700, 693, 2, 3, 1),
(57, 698, 693, 2, 3, 1),
(57, 701, 732, 1, 4, 1),
(57, 134, NULL, 1, 1, 1),
(57, 147, NULL, 1, 1, 1),
(57, 132, NULL, 1, 1, 1),
(57, 671, NULL, 1, 1, 1),
(57, 140, NULL, 1, 1, 1),
(57, 670, NULL, 1, 1, 1),
(57, 669, NULL, 1, 1, 1),
(57, 139, NULL, 1, 1, 1),
(57, 137, NULL, 1, 1, 1),
(57, 138, NULL, 1, 1, 1),
(57, 672, 670, 2, 1, 1),
(57, 672, 671, 2, 1, 1),
(57, 673, NULL, 2, 1, 1),
(57, 674, 669, 2, 1, 1),
(57, 675, 669, 2, 1, 1),
(57, 676, NULL, 2, 1, 1),
(57, 677, 671, 2, 1, 1),
(57, 678, NULL, 2, 1, 1),
(57, 130, NULL, 2, 1, 1),
(57, 145, 137, 2, 1, 1),
(57, 146, 146, 2, 1, 1),
(57, 148, NULL, 1, 2, 1),
(57, 133, NULL, 1, 2, 1),
(57, 679, 670, 1, 2, 1),
(57, 680, 676, 1, 2, 1),
(57, 681, NULL, 1, 2, 1),
(57, 682, NULL, 1, 2, 1),
(57, 683, NULL, 1, 2, 1),
(57, 154, 145, 1, 2, 1),
(57, 680, 671, 1, 2, 1),
(57, 155, NULL, 2, 2, 1),
(57, 141, NULL, 2, 2, 1),
(57, 684, 681, 2, 2, 1),
(57, 685, NULL, 2, 2, 1),
(57, 686, 675, 2, 2, 1),
(57, 686, 673, 2, 2, 1),
(57, 688, NULL, 2, 2, 1),
(57, 162, 145, 2, 2, 1),
(57, 687, 680, 2, 2, 1),
(57, 689, 673, 1, 3, 1),
(57, 690, NULL, 1, 3, 1),
(57, 691, 686, 1, 3, 1),
(57, 692, 686, 1, 3, 1),
(57, 692, 687, 1, 3, 1),
(57, 522, NULL, 1, 3, 1),
(57, 693, 133, 1, 3, 1),
(57, 696, 673, 2, 3, 1),
(57, 517, NULL, 2, 3, 1),
(57, 695, 689, 2, 3, 1),
(57, 697, 690, 2, 3, 1),
(57, 694, NULL, 1, 3, 1),
(57, 696, 692, 2, 3, 1),
(57, 698, 693, 2, 3, 1),
(57, 699, 672, 2, 3, 1),
(57, 700, 693, 2, 3, 1),
(57, 701, 732, 1, 4, 1),
(57, 702, 701, 2, 4, 1),
(57, 140, NULL, 1, 1, 1),
(57, 132, NULL, 1, 1, 1),
(57, 147, NULL, 1, 1, 1),
(57, 139, NULL, 1, 1, 1),
(57, 670, NULL, 1, 1, 1),
(57, 669, NULL, 1, 1, 1),
(57, 134, NULL, 1, 1, 1),
(57, 137, NULL, 1, 1, 1),
(57, 671, NULL, 1, 1, 1),
(57, 138, NULL, 1, 1, 1),
(57, 672, 670, 2, 1, 1),
(57, 672, 671, 2, 1, 1),
(57, 673, NULL, 2, 1, 1),
(57, 674, 669, 2, 1, 1),
(57, 675, 669, 2, 1, 1),
(57, 676, NULL, 2, 1, 1),
(57, 677, 671, 2, 1, 1),
(57, 678, NULL, 2, 1, 1),
(57, 130, NULL, 2, 1, 1),
(57, 146, 146, 2, 1, 1),
(57, 145, 137, 2, 1, 1),
(57, 148, NULL, 1, 2, 1),
(57, 133, NULL, 1, 2, 1),
(57, 679, 670, 1, 2, 1),
(57, 680, 676, 1, 2, 1),
(57, 681, NULL, 1, 2, 1),
(57, 682, NULL, 1, 2, 1),
(57, 683, NULL, 1, 2, 1),
(57, 154, 145, 1, 2, 1),
(57, 680, 671, 1, 2, 1),
(57, 155, NULL, 2, 2, 1),
(57, 141, NULL, 2, 2, 1),
(57, 686, 673, 2, 2, 1),
(57, 687, 680, 2, 2, 1),
(57, 688, NULL, 2, 2, 1),
(57, 686, 675, 2, 2, 1),
(57, 162, 145, 2, 2, 1),
(57, 689, 673, 1, 3, 1),
(57, 684, 681, 2, 2, 1),
(57, 522, NULL, 1, 3, 1),
(57, 690, NULL, 1, 3, 1),
(57, 685, NULL, 2, 2, 1),
(57, 691, 686, 1, 3, 1),
(57, 692, 687, 1, 3, 1),
(57, 692, 686, 1, 3, 1),
(57, 693, 133, 1, 3, 1),
(57, 694, NULL, 1, 3, 1),
(57, 517, NULL, 2, 3, 1),
(57, 695, 689, 2, 3, 1),
(57, 696, 673, 2, 3, 1),
(57, 696, 692, 2, 3, 1),
(57, 697, 690, 2, 3, 1),
(57, 698, 693, 2, 3, 1),
(57, 699, 672, 2, 3, 1),
(57, 700, 693, 2, 3, 1),
(57, 701, 732, 1, 4, 1),
(57, 702, 701, 2, 4, 1),
(57, 134, NULL, 1, 1, 1),
(57, 132, NULL, 1, 1, 1),
(57, 147, NULL, 1, 1, 1),
(57, 140, NULL, 1, 1, 1),
(57, 139, NULL, 1, 1, 1),
(57, 669, NULL, 1, 1, 1),
(57, 670, NULL, 1, 1, 1),
(57, 671, NULL, 1, 1, 1),
(57, 137, NULL, 1, 1, 1),
(57, 138, NULL, 1, 1, 1),
(57, 672, 670, 2, 1, 1),
(57, 672, 671, 2, 1, 1),
(57, 673, NULL, 2, 1, 1),
(57, 674, 669, 2, 1, 1),
(57, 675, 669, 2, 1, 1),
(57, 678, NULL, 2, 1, 1),
(57, 130, NULL, 2, 1, 1),
(57, 677, 671, 2, 1, 1),
(57, 145, 137, 2, 1, 1),
(57, 676, NULL, 2, 1, 1),
(57, 146, 146, 2, 1, 1),
(57, 148, NULL, 1, 2, 1),
(57, 133, NULL, 1, 2, 1),
(57, 679, 670, 1, 2, 1),
(57, 680, 676, 1, 2, 1),
(57, 681, NULL, 1, 2, 1),
(57, 682, NULL, 1, 2, 1),
(57, 683, NULL, 1, 2, 1),
(57, 154, 145, 1, 2, 1),
(57, 680, 671, 1, 2, 1),
(57, 155, NULL, 2, 2, 1),
(57, 141, NULL, 2, 2, 1),
(57, 684, 681, 2, 2, 1),
(57, 685, NULL, 2, 2, 1),
(57, 686, 675, 2, 2, 1),
(57, 686, 673, 2, 2, 1),
(57, 687, 680, 2, 2, 1),
(57, 688, NULL, 2, 2, 1),
(57, 162, 145, 2, 2, 1),
(57, 522, NULL, 1, 3, 1),
(57, 690, NULL, 1, 3, 1),
(57, 689, 673, 1, 3, 1),
(57, 691, 686, 1, 3, 1),
(57, 692, 686, 1, 3, 1),
(57, 692, 687, 1, 3, 1),
(57, 517, NULL, 2, 3, 1),
(57, 693, 133, 1, 3, 1),
(57, 695, 689, 2, 3, 1),
(57, 694, NULL, 1, 3, 1),
(57, 696, 673, 2, 3, 1),
(57, 696, 692, 2, 3, 1),
(57, 697, 690, 2, 3, 1),
(57, 699, 672, 2, 3, 1),
(57, 700, 693, 2, 3, 1),
(57, 701, 732, 1, 4, 1),
(57, 698, 693, 2, 3, 1),
(57, 702, 701, 2, 4, 1),
(58, 140, NULL, 1, 1, 1),
(58, 134, NULL, 1, 1, 1),
(58, 132, NULL, 1, 1, 1),
(58, 139, NULL, 1, 1, 1),
(58, 669, NULL, 1, 1, 1),
(58, 670, NULL, 1, 1, 1),
(58, 147, NULL, 1, 1, 1),
(58, 671, NULL, 1, 1, 1),
(58, 137, NULL, 1, 1, 1),
(58, 138, NULL, 1, 1, 1),
(58, 672, 670, 2, 1, 1),
(58, 672, 671, 2, 1, 1),
(58, 673, NULL, 2, 1, 1),
(58, 674, 669, 2, 1, 1),
(58, 675, 669, 2, 1, 1),
(58, 676, NULL, 2, 1, 1),
(58, 677, 671, 2, 1, 1),
(58, 678, NULL, 2, 1, 1),
(58, 130, NULL, 2, 1, 1),
(58, 145, 137, 2, 1, 1),
(58, 146, 145, 2, 1, 1),
(58, 148, NULL, 1, 2, 1),
(58, 133, NULL, 1, 2, 1),
(58, 679, 670, 1, 2, 1),
(58, 680, 671, 1, 2, 1),
(58, 681, NULL, 1, 2, 1),
(58, 682, NULL, 1, 2, 1),
(58, 683, NULL, 1, 2, 1),
(58, 154, 145, 1, 2, 1),
(58, 680, 676, 1, 2, 1),
(58, 155, NULL, 2, 2, 1),
(58, 141, NULL, 2, 2, 1),
(58, 684, 681, 2, 2, 1),
(58, 686, 673, 2, 2, 1),
(58, 685, NULL, 2, 2, 1),
(58, 687, 680, 2, 2, 1),
(58, 686, 675, 2, 2, 1),
(58, 162, 145, 2, 2, 1),
(58, 522, NULL, 1, 3, 1),
(58, 690, NULL, 1, 3, 1),
(58, 689, 673, 1, 3, 1),
(58, 688, NULL, 2, 2, 1),
(58, 691, 686, 1, 3, 1),
(58, 692, 686, 1, 3, 1),
(58, 692, 687, 1, 3, 1),
(58, 693, 133, 1, 3, 1),
(58, 517, NULL, 2, 3, 1),
(58, 694, NULL, 1, 3, 1),
(58, 695, 689, 2, 3, 1),
(58, 696, 673, 2, 3, 1),
(58, 697, 690, 2, 3, 1),
(58, 698, 693, 2, 3, 1),
(58, 699, 672, 2, 3, 1),
(58, 700, 693, 2, 3, 1),
(58, 696, 692, 2, 3, 1),
(58, 702, 701, 2, 4, 1),
(58, 701, 732, 1, 4, 1),
(37, 704, NULL, 1, 1, 1),
(37, 134, NULL, 1, 1, 1),
(37, 705, NULL, 1, 1, 1),
(37, 130, NULL, 1, 1, 1),
(37, 132, NULL, 2, 1, 1),
(37, 703, NULL, 1, 1, 1),
(37, 137, NULL, 1, 1, 1),
(37, 138, NULL, 1, 1, 1),
(37, 522, NULL, 2, 1, 1),
(37, 148, NULL, 2, 1, 1),
(37, 706, 703, 2, 1, 1),
(37, 707, 704, 2, 1, 1),
(37, 145, 137, 2, 1, 1),
(37, 146, 138, 2, 1, 1),
(37, 141, NULL, 1, 2, 1),
(37, 708, 705, 2, 1, 1),
(37, 133, NULL, 1, 2, 1),
(37, 709, 704, 1, 2, 1),
(37, 710, 705, 1, 2, 1),
(37, 155, NULL, 1, 2, 1),
(37, 712, 132, 1, 2, 1),
(37, 713, NULL, 1, 2, 1),
(37, 154, 145, 1, 2, 1),
(37, 711, 733, 2, 2, 1),
(37, 139, NULL, 1, 3, 1),
(37, 147, NULL, 1, 3, 1),
(37, 714, NULL, 1, 3, 1),
(37, 715, 704, 1, 3, 1),
(37, 717, 704, 1, 3, 1),
(37, 718, 704, 1, 3, 1),
(37, 717, 705, 1, 3, 1),
(37, 718, 705, 1, 3, 1),
(37, 716, 705, 1, 3, 1),
(37, 162, 145, 1, 3, 1),
(37, 140, NULL, 2, 3, 1),
(37, 720, NULL, 2, 3, 1),
(37, 719, 704, 2, 3, 1),
(37, 651, NULL, 2, 3, 1),
(37, 721, 704, 2, 3, 1),
(37, 722, 704, 2, 3, 1),
(37, 723, 132, 2, 3, 1),
(37, 726, 705, 1, 4, 1),
(37, 724, NULL, 2, 3, 1),
(37, 727, 712, 1, 4, 1),
(37, 725, 705, 1, 4, 1),
(37, 728, 715, 1, 4, 1),
(37, 729, 713, 1, 4, 1),
(37, 730, 703, 1, 4, 1),
(37, 726, 704, 1, 4, 1),
(37, 535, NULL, 1, 4, 1),
(37, 731, 734, 2, 4, 1),
(51, 133, NULL, 1, 1, 1),
(51, 132, NULL, 1, 1, 1),
(51, 134, NULL, 1, 1, 1),
(51, 735, NULL, 1, 1, 1),
(51, 737, NULL, 1, 1, 1),
(51, 739, NULL, 1, 1, 1),
(51, 736, NULL, 1, 1, 1),
(51, 137, NULL, 1, 1, 1),
(51, 738, NULL, 1, 1, 1),
(51, 138, NULL, 1, 1, 1),
(51, 147, NULL, 2, 1, 1),
(51, 148, NULL, 2, 1, 1),
(51, 130, NULL, 2, 1, 1),
(51, 740, 736, 2, 1, 1),
(51, 741, 737, 2, 1, 1),
(51, 742, 737, 2, 1, 1),
(51, 743, 735, 2, 1, 1),
(51, 145, 137, 2, 1, 1),
(51, 146, 138, 2, 1, 1),
(51, 744, 735, 1, 2, 1),
(51, 745, 735, 1, 2, 1),
(51, 774, 735, 1, 2, 1),
(51, 522, NULL, 1, 2, 1),
(51, 746, NULL, 1, 2, 1),
(51, 141, NULL, 1, 2, 1),
(51, 154, 137, 1, 2, 1),
(51, 747, 132, 1, 2, 1),
(51, 748, 739, 2, 2, 1),
(51, 749, 738, 2, 2, 1),
(51, 749, 746, 2, 2, 1),
(51, 750, 739, 2, 2, 1),
(51, 751, 746, 2, 2, 1),
(51, 751, 746, 2, 2, 1),
(51, 752, 744, 2, 2, 1),
(51, 752, 743, 2, 2, 1),
(51, 753, 745, 2, 2, 1),
(51, 754, 737, 2, 2, 1),
(51, 162, 137, 2, 2, 1),
(51, 155, NULL, 1, 3, 1),
(51, 139, NULL, 1, 3, 1),
(51, 755, 748, 1, 3, 1),
(51, 756, 739, 1, 3, 1),
(51, 757, 735, 1, 3, 1),
(51, 758, 744, 1, 3, 1),
(51, 759, 134, 1, 3, 1),
(51, 759, 132, 1, 3, 1),
(51, 758, 735, 1, 3, 1),
(51, 757, 736, 1, 3, 1),
(51, 517, NULL, 2, 3, 1),
(51, 760, 743, 2, 3, 1),
(51, 761, 735, 2, 3, 1),
(51, 140, NULL, 2, 3, 1),
(51, 763, 757, 2, 3, 1),
(51, 762, 740, 2, 3, 1),
(51, 764, 743, 2, 3, 1),
(51, 764, 735, 2, 3, 1),
(51, 769, 761, 1, 4, 1),
(51, 770, 754, 1, 4, 1),
(51, 770, 764, 1, 4, 1),
(51, 771, 745, 1, 4, 1),
(51, 771, 762, 1, 4, 1),
(51, 771, 764, 1, 4, 1),
(51, 771, 757, 1, 4, 1),
(51, 133, NULL, 1, 1, 1),
(51, 134, NULL, 1, 1, 1),
(51, 735, NULL, 1, 1, 1),
(51, 132, NULL, 1, 1, 1),
(51, 736, NULL, 1, 1, 1),
(51, 737, NULL, 1, 1, 1),
(51, 739, NULL, 1, 1, 1),
(51, 738, NULL, 1, 1, 1),
(51, 147, NULL, 2, 1, 1),
(51, 137, NULL, 1, 1, 1),
(51, 138, NULL, 1, 1, 1),
(51, 740, 736, 2, 1, 1),
(51, 130, NULL, 2, 1, 1),
(51, 148, NULL, 2, 1, 1),
(51, 741, 737, 2, 1, 1),
(51, 742, 737, 2, 1, 1),
(51, 743, 735, 2, 1, 1),
(51, 145, 137, 2, 1, 1),
(51, 146, 138, 2, 1, 1),
(51, 744, 735, 1, 2, 1),
(51, 745, 735, 1, 2, 1),
(51, 774, 735, 1, 2, 1),
(51, 522, NULL, 1, 2, 1),
(51, 746, NULL, 1, 2, 1),
(51, 747, 132, 1, 2, 1),
(51, 141, NULL, 1, 2, 1),
(51, 154, 137, 1, 2, 1),
(51, 748, 739, 2, 2, 1),
(51, 749, 738, 2, 2, 1),
(51, 749, 746, 2, 2, 1),
(51, 750, 739, 2, 2, 1),
(51, 751, 746, 2, 2, 1),
(51, 752, 744, 2, 2, 1),
(51, 752, 743, 2, 2, 1),
(51, 753, 745, 2, 2, 1),
(51, 754, 737, 2, 2, 1),
(51, 162, 137, 2, 2, 1),
(51, 751, 746, 2, 2, 1),
(51, 155, NULL, 1, 3, 1),
(51, 139, NULL, 1, 3, 1),
(51, 755, 748, 1, 3, 1),
(51, 756, 739, 1, 3, 1),
(51, 757, 735, 1, 3, 1),
(51, 758, 735, 1, 3, 1),
(51, 757, 736, 1, 3, 1),
(51, 758, 744, 1, 3, 1),
(51, 759, 134, 1, 3, 1),
(51, 759, 132, 1, 3, 1),
(51, 140, NULL, 2, 3, 1),
(51, 517, NULL, 2, 3, 1),
(51, 760, 743, 2, 3, 1),
(51, 761, 735, 2, 3, 1),
(51, 762, 740, 2, 3, 1),
(51, 763, 757, 2, 3, 1),
(51, 764, 735, 2, 3, 1),
(51, 764, 743, 2, 3, 1),
(51, 770, 754, 1, 4, 1),
(51, 769, 761, 1, 4, 1),
(51, 770, 764, 1, 4, 1),
(51, 771, 745, 1, 4, 1),
(51, 771, 757, 1, 4, 1),
(51, 771, 762, 1, 4, 1),
(51, 771, 764, 1, 4, 1),
(51, 772, 762, 2, 4, 1),
(51, 773, 771, 2, 4, 1),
(60, 132, NULL, 1, 1, 1),
(60, 133, NULL, 1, 1, 1),
(60, 736, NULL, 1, 1, 1),
(60, 134, NULL, 1, 1, 1),
(60, 738, NULL, 1, 1, 1),
(60, 737, NULL, 1, 1, 1),
(60, 735, NULL, 1, 1, 1),
(60, 739, NULL, 1, 1, 1),
(60, 137, NULL, 1, 1, 1),
(60, 138, NULL, 1, 1, 1),
(60, 147, NULL, 2, 1, 1),
(60, 148, NULL, 2, 1, 1),
(60, 130, NULL, 2, 1, 1),
(60, 740, 736, 2, 1, 1),
(60, 741, 737, 2, 1, 1),
(60, 742, 737, 2, 1, 1),
(60, 743, 735, 2, 1, 1),
(60, 145, 137, 2, 1, 1),
(60, 146, 138, 2, 1, 1),
(60, 745, 735, 1, 2, 1),
(60, 774, 735, 1, 2, 1),
(60, 522, NULL, 1, 2, 1),
(60, 746, NULL, 1, 2, 1),
(60, 747, 132, 1, 2, 1),
(60, 744, 735, 1, 2, 1),
(60, 141, NULL, 1, 2, 1),
(60, 154, 137, 1, 2, 1),
(60, 748, 748, 2, 2, 1),
(60, 749, 746, 2, 2, 1),
(60, 749, 738, 2, 2, 1),
(60, 750, 739, 2, 2, 1),
(60, 751, 746, 2, 2, 1),
(60, 752, 743, 2, 2, 1),
(60, 752, 744, 2, 2, 1),
(60, 751, 739, 2, 2, 1),
(60, 753, 745, 2, 2, 1),
(60, 754, 737, 2, 2, 1),
(60, 162, 137, 2, 2, 1),
(60, 155, NULL, 1, 3, 1),
(60, 139, NULL, 1, 3, 1),
(60, 755, 748, 1, 3, 1),
(60, 756, 739, 1, 3, 1),
(60, 757, 735, 1, 3, 1),
(60, 758, 735, 1, 3, 1),
(60, 757, 736, 1, 3, 1),
(60, 758, 744, 1, 3, 1),
(60, 759, 134, 1, 3, 1),
(60, 759, 132, 1, 3, 1),
(60, 140, NULL, 2, 3, 1),
(60, 517, NULL, 2, 3, 1),
(60, 760, 743, 2, 3, 1),
(60, 761, 735, 2, 3, 1),
(60, 763, 757, 2, 3, 1),
(60, 762, 740, 2, 3, 1),
(60, 764, 735, 2, 3, 1),
(60, 764, 743, 2, 3, 1),
(60, 769, 761, 1, 4, 1),
(60, 770, 754, 1, 4, 1),
(60, 770, 764, 1, 4, 1),
(60, 771, 745, 1, 4, 1),
(60, 771, 757, 1, 4, 1),
(60, 771, 764, 1, 4, 1),
(60, 772, 762, 2, 4, 1),
(60, 771, 762, 1, 4, 1),
(60, 773, 771, 2, 4, 1),
(61, 130, NULL, 1, 1, 1),
(61, 132, NULL, 1, 1, 1),
(61, 148, NULL, 1, 1, 1),
(61, 141, NULL, 1, 1, 1),
(61, 133, NULL, 1, 1, 1),
(61, 134, NULL, 1, 1, 1),
(61, 522, NULL, 1, 1, 1),
(61, 138, NULL, 1, 1, 1),
(61, 775, NULL, 1, 1, 1),
(61, 137, NULL, 1, 1, 1),
(61, 147, NULL, 2, 1, 1),
(61, 139, NULL, 2, 1, 1),
(61, 140, NULL, 2, 1, 1),
(61, 155, NULL, 2, 1, 1),
(61, 518, 130, 2, 1, 1),
(61, 776, NULL, 2, 1, 1),
(61, 777, NULL, 2, 1, 1),
(61, 146, 138, 2, 1, 1),
(61, 145, 137, 2, 1, 1),
(61, 519, NULL, 2, 1, 1),
(61, 527, NULL, 1, 2, 1),
(61, 538, NULL, 1, 2, 1),
(61, 778, 518, 1, 2, 1),
(61, 779, NULL, 1, 2, 1),
(61, 780, NULL, 1, 2, 1),
(61, 781, NULL, 1, 2, 1),
(61, 535, NULL, 1, 2, 1),
(61, 154, 145, 1, 2, 1),
(61, 526, 518, 1, 2, 1),
(61, 520, NULL, 2, 2, 1),
(61, 533, NULL, 2, 2, 1),
(61, 536, NULL, 2, 2, 1),
(61, 534, NULL, 2, 2, 1),
(61, 517, NULL, 2, 2, 1),
(61, 782, NULL, 2, 2, 1),
(61, 783, NULL, 2, 2, 1),
(61, 784, 776, 1, 3, 1),
(61, 785, 534, 1, 3, 1),
(61, 786, NULL, 1, 3, 1),
(61, 787, 520, 1, 3, 1),
(61, 788, NULL, 1, 3, 1),
(61, 789, NULL, 1, 3, 1),
(61, 540, 519, 1, 3, 1),
(61, 790, 538, 2, 3, 1),
(61, 791, NULL, 2, 3, 1),
(61, 792, NULL, 2, 3, 1),
(61, 793, NULL, 2, 3, 1),
(61, 794, NULL, 2, 3, 1),
(61, 795, NULL, 2, 3, 1),
(61, 796, NULL, 2, 3, 1),
(61, 551, 556, 1, 4, 1),
(61, 552, NULL, 1, 4, 1),
(61, 553, 550, 2, 4, 1),
(61, 550, 556, 1, 4, 1),
(61, 553, 551, 2, 4, 1),
(61, 554, NULL, 2, 4, 1),
(61, 555, NULL, 2, 4, 1),
(62, 141, NULL, 1, 1, 1),
(62, 155, NULL, 1, 1, 1),
(62, 134, NULL, 1, 1, 1),
(62, 148, NULL, 1, 1, 1),
(62, 133, NULL, 1, 1, 1),
(62, 139, NULL, 1, 1, 1),
(62, 130, NULL, 1, 1, 1),
(62, 147, NULL, 1, 1, 1),
(62, 137, NULL, 1, 1, 1),
(62, 140, NULL, 2, 1, 1),
(62, 535, NULL, 2, 1, 1),
(62, 517, NULL, 2, 1, 1),
(62, 522, NULL, 2, 1, 1),
(62, 138, NULL, 1, 1, 1),
(62, 132, NULL, 2, 1, 1),
(62, 518, 130, 2, 1, 1),
(62, 519, NULL, 2, 1, 1),
(62, 145, 137, 2, 1, 1),
(62, 146, 138, 2, 1, 1),
(62, 798, NULL, 1, 2, 1),
(62, 819, NULL, 1, 2, 1),
(62, 799, NULL, 1, 2, 1),
(62, 800, NULL, 1, 2, 1),
(62, 801, NULL, 1, 2, 1),
(62, 520, NULL, 1, 2, 1),
(62, 526, 518, 1, 2, 1),
(62, 813, NULL, 1, 2, 1),
(62, 154, 145, 1, 2, 1),
(62, 803, NULL, 2, 2, 1),
(62, 811, NULL, 2, 2, 1),
(62, 812, NULL, 2, 2, 1),
(62, 806, NULL, 2, 2, 1),
(62, 807, NULL, 2, 2, 1),
(62, 808, NULL, 2, 2, 1),
(62, 527, NULL, 2, 2, 1),
(62, 536, 518, 2, 2, 1),
(62, 162, 145, 2, 2, 1),
(62, 809, NULL, 1, 3, 1),
(62, 810, NULL, 1, 3, 1),
(62, 811, NULL, 1, 3, 1),
(62, 813, NULL, 1, 3, 1),
(62, 533, 527, 1, 3, 1),
(62, 812, NULL, 1, 3, 1),
(62, 815, NULL, 2, 3, 1),
(62, 540, 519, 1, 3, 1),
(62, 816, NULL, 2, 3, 1),
(62, 814, NULL, 2, 3, 1),
(62, 817, NULL, 2, 3, 1),
(62, 818, 520, 2, 3, 1),
(62, 538, 519, 2, 3, 1),
(62, 534, NULL, 2, 3, 1),
(62, 550, 556, 1, 4, 1),
(62, 551, 556, 1, 4, 1),
(62, 553, 550, 2, 4, 1),
(62, 552, NULL, 1, 4, 1),
(62, 555, NULL, 2, 4, 1),
(62, 554, NULL, 2, 4, 1),
(62, 553, 551, 2, 4, 1),
(63, 130, NULL, 1, 1, 1),
(63, 148, NULL, 1, 1, 1),
(63, 139, NULL, 1, 1, 1),
(63, 134, NULL, 1, 1, 1),
(63, 820, NULL, 1, 1, 1),
(63, 133, NULL, 1, 1, 1),
(63, 140, NULL, 1, 1, 1),
(63, 137, NULL, 1, 1, 1),
(63, 522, NULL, 1, 1, 1),
(63, 821, NULL, 2, 1, 1),
(63, 138, NULL, 1, 1, 1),
(63, 141, NULL, 2, 1, 1),
(63, 147, NULL, 2, 1, 1),
(63, 132, NULL, 2, 1, 1),
(63, 517, NULL, 2, 1, 1),
(63, 518, 130, 2, 1, 1),
(63, 519, NULL, 2, 1, 1),
(63, 520, NULL, 2, 1, 1),
(63, 145, 137, 2, 1, 1),
(63, 146, 138, 2, 1, 1),
(63, 536, 518, 1, 2, 1),
(63, 526, 518, 1, 2, 1),
(63, 822, 820, 1, 2, 1),
(63, 155, 134, 1, 2, 1),
(63, 527, NULL, 1, 2, 1),
(63, 823, 821, 1, 2, 1),
(63, 824, 134, 1, 2, 1),
(63, 154, 145, 1, 2, 1),
(63, 825, NULL, 2, 2, 1),
(63, 826, NULL, 2, 2, 1),
(63, 827, NULL, 2, 2, 1),
(63, 828, NULL, 2, 2, 1),
(63, 533, NULL, 2, 2, 1),
(63, 535, NULL, 2, 2, 1),
(63, 540, NULL, 2, 2, 1),
(63, 829, NULL, 2, 2, 1),
(63, 162, NULL, 2, 2, 1),
(63, 830, 824, 1, 3, 1),
(63, 831, 826, 1, 3, 1),
(63, 835, 821, 1, 3, 1),
(63, 833, 823, 1, 3, 1),
(63, 538, 828, 1, 3, 1),
(63, 836, 826, 2, 3, 1),
(63, 832, 826, 1, 3, 1),
(63, 834, 134, 1, 3, 1),
(63, 836, 834, 2, 3, 1),
(63, 838, 827, 2, 3, 1),
(63, 838, 823, 2, 3, 1),
(63, 839, 830, 2, 3, 1),
(63, 837, 820, 2, 3, 1),
(63, 840, 822, 2, 3, 1),
(63, 841, 822, 2, 3, 1),
(63, 534, NULL, 2, 3, 1),
(63, 842, 134, 2, 3, 1),
(63, 550, 797, 1, 4, 1),
(63, 551, 797, 1, 4, 1),
(63, 552, NULL, 1, 4, 1),
(63, 553, 551, 2, 4, 1),
(63, 554, 550, 2, 4, 1),
(63, 554, 551, 2, 4, 1),
(63, 555, 550, 2, 4, 1),
(63, 553, 550, 2, 4, 1),
(63, 555, 551, 2, 4, 1),
(34, 130, NULL, 1, 1, 1),
(34, 135, NULL, 1, 1, 1),
(34, 133, NULL, 1, 1, 1),
(34, 136, NULL, 1, 1, 1),
(34, 132, NULL, 1, 1, 1),
(34, 137, NULL, 1, 1, 1),
(34, 134, NULL, 1, 1, 1),
(34, 138, NULL, 1, 1, 1),
(34, 139, NULL, 2, 1, 1),
(34, 142, 132, 2, 1, 1),
(34, 141, NULL, 2, 1, 1),
(34, 144, 136, 2, 1, 1),
(34, 140, NULL, 2, 1, 1),
(34, 145, 137, 2, 1, 1),
(34, 146, 138, 2, 1, 1),
(34, 147, NULL, 1, 2, 1),
(34, 143, 136, 2, 1, 1),
(34, 148, NULL, 1, 2, 1),
(34, 149, NULL, 1, 2, 1),
(34, 151, 143, 1, 2, 1),
(34, 152, 143, 1, 2, 1),
(34, 150, 143, 1, 2, 1),
(34, 153, NULL, 1, 2, 1),
(34, 154, 145, 1, 2, 1),
(34, 155, NULL, 2, 2, 1),
(34, 156, 798, 2, 2, 1),
(34, 157, 142, 2, 2, 1),
(34, 158, 143, 2, 2, 1),
(34, 161, 152, 2, 2, 1),
(34, 162, 145, 2, 2, 1),
(34, 160, 151, 2, 2, 1),
(34, 160, 152, 2, 2, 1),
(34, 159, 152, 2, 2, 1),
(34, 164, NULL, 1, 3, 1),
(34, 163, NULL, 1, 3, 1),
(34, 165, 181, 1, 3, 1),
(34, 166, 159, 1, 3, 1),
(34, 167, 158, 1, 3, 1),
(34, 168, 160, 1, 3, 1),
(34, 169, 160, 1, 3, 1),
(34, 170, NULL, 2, 3, 1),
(34, 171, NULL, 2, 3, 1),
(34, 172, NULL, 2, 3, 1),
(34, 173, NULL, 2, 3, 1),
(34, 174, 167, 2, 3, 1),
(34, 175, 161, 2, 3, 1),
(34, 176, 181, 2, 3, 1),
(34, 177, 176, 1, 4, 1),
(34, 178, 175, 1, 4, 1),
(34, 179, 182, 2, 4, 1),
(35, 843, NULL, 1, 1, 1),
(35, 844, NULL, 1, 1, 1),
(35, 846, NULL, 1, 1, 1),
(35, 137, NULL, 1, 1, 1),
(35, 138, NULL, 1, 1, 1),
(35, 845, NULL, 1, 1, 1),
(35, 847, 843, 2, 1, 1),
(35, 847, 844, 2, 1, 1),
(35, 848, 843, 2, 1, 1),
(35, 848, 844, 2, 1, 1),
(35, 849, 843, 2, 1, 1),
(35, 849, 844, 2, 1, 1),
(35, 850, 846, 2, 1, 1),
(35, 139, NULL, 2, 1, 1),
(35, 148, NULL, 2, 1, 1),
(35, 145, 137, 2, 1, 1),
(35, 146, 138, 2, 1, 1),
(35, 847, 845, 2, 1, 1),
(35, 132, NULL, 1, 1, 1),
(35, 849, 845, 2, 1, 1),
(35, 130, NULL, 1, 1, 1),
(35, 848, 845, 2, 1, 1),
(35, 851, 847, 1, 2, 1),
(35, 851, 845, 1, 2, 1),
(35, 851, 849, 1, 2, 1),
(35, 852, 847, 1, 2, 1),
(35, 852, 845, 1, 2, 1),
(35, 852, 849, 1, 2, 1),
(35, 853, 844, 1, 2, 1),
(35, 853, 845, 1, 2, 1),
(35, 853, 847, 1, 2, 1),
(35, 854, 132, 1, 2, 1),
(35, 147, NULL, 1, 2, 1),
(35, 154, 145, 1, 2, 1),
(35, 855, 844, 2, 2, 1),
(35, 855, 849, 2, 2, 1),
(35, 855, 847, 2, 2, 1),
(35, 856, 844, 2, 2, 1),
(35, 856, 847, 2, 2, 1),
(35, 857, 844, 2, 2, 1),
(35, 856, 853, 2, 2, 1),
(35, 857, 847, 2, 2, 1),
(35, 857, 849, 2, 2, 1),
(35, 522, NULL, 2, 2, 1),
(35, 162, 145, 2, 2, 1),
(35, 134, NULL, 2, 2, 1),
(35, 858, 850, 2, 2, 1),
(35, 860, 847, 1, 3, 1),
(35, 861, 847, 1, 3, 1),
(35, 862, 844, 1, 3, 1),
(35, 863, 132, 1, 3, 1),
(35, 140, NULL, 1, 3, 1),
(35, 864, 134, 1, 3, 1),
(35, 865, NULL, 2, 3, 1),
(35, 866, 864, 1, 4, 1),
(35, 867, 875, 1, 4, 1),
(35, 517, NULL, 1, 4, 1),
(35, 141, NULL, 1, 4, 1),
(35, 155, NULL, 1, 4, 1),
(35, 133, NULL, 1, 4, 1),
(35, 869, 875, 2, 4, 1),
(35, 870, 867, 2, 4, 1),
(35, 871, 867, 2, 4, 1),
(35, 873, 867, 2, 4, 1),
(35, 874, 875, 2, 4, 1),
(35, 872, 867, 2, 4, 1),
(35, 843, NULL, 1, 1, 1),
(35, 846, NULL, 1, 1, 1),
(35, 845, NULL, 1, 1, 1),
(35, 844, NULL, 1, 1, 1),
(35, 130, NULL, 1, 1, 1),
(35, 137, NULL, 1, 1, 1),
(35, 847, 844, 2, 1, 1),
(35, 138, NULL, 1, 1, 1),
(35, 847, 843, 2, 1, 1),
(35, 132, NULL, 1, 1, 1),
(35, 848, 843, 2, 1, 1),
(35, 848, 844, 2, 1, 1),
(35, 850, 846, 2, 1, 1),
(35, 849, 843, 2, 1, 1),
(35, 139, NULL, 2, 1, 1),
(35, 849, 844, 2, 1, 1),
(35, 148, NULL, 2, 1, 1),
(35, 146, 138, 2, 1, 1),
(35, 145, 137, 2, 1, 1),
(35, 847, 845, 2, 1, 1),
(35, 848, 845, 2, 1, 1),
(35, 849, 845, 2, 1, 1),
(35, 851, 845, 1, 2, 1),
(35, 852, 845, 1, 2, 1),
(35, 851, 849, 1, 2, 1),
(35, 853, 844, 1, 2, 1),
(35, 852, 849, 1, 2, 1),
(35, 853, 845, 1, 2, 1),
(35, 851, 847, 1, 2, 1),
(35, 852, 847, 1, 2, 1),
(35, 853, 847, 1, 2, 1),
(35, 854, 132, 1, 2, 1),
(35, 147, NULL, 1, 2, 1),
(35, 154, 145, 1, 2, 1),
(35, 855, 844, 2, 2, 1),
(35, 855, 847, 2, 2, 1),
(35, 855, 849, 2, 2, 1),
(35, 856, 844, 2, 2, 1),
(35, 856, 847, 2, 2, 1),
(35, 856, 853, 2, 2, 1),
(35, 857, 847, 2, 2, 1),
(35, 857, 844, 2, 2, 1),
(35, 522, NULL, 2, 2, 1),
(35, 134, NULL, 2, 2, 1),
(35, 857, 849, 2, 2, 1),
(35, 858, 850, 2, 2, 1),
(35, 162, 145, 2, 2, 1),
(35, 862, 844, 1, 3, 1),
(35, 861, 847, 1, 3, 1),
(35, 860, 847, 1, 3, 1),
(35, 863, 132, 1, 3, 1),
(35, 867, 875, 1, 4, 1),
(35, 865, NULL, 2, 3, 1),
(35, 866, 864, 1, 4, 1),
(35, 140, NULL, 1, 3, 1),
(35, 517, NULL, 1, 4, 1),
(35, 864, 134, 1, 3, 1),
(35, 155, NULL, 1, 4, 1),
(35, 141, NULL, 1, 4, 1),
(35, 869, 875, 2, 4, 1),
(35, 871, 867, 2, 4, 1),
(35, 133, NULL, 1, 4, 1),
(35, 870, 867, 2, 4, 1),
(35, 872, 867, 2, 4, 1),
(35, 874, 875, 2, 4, 1),
(35, 873, 867, 2, 4, 1),
(41, 132, NULL, 1, 1, 1),
(41, 137, NULL, 1, 1, 1),
(41, 147, NULL, 1, 1, 1),
(41, 140, NULL, 1, 1, 1),
(41, 130, NULL, 1, 1, 1),
(41, 134, NULL, 2, 1, 1),
(41, 133, NULL, 2, 1, 1),
(41, 141, NULL, 2, 1, 1),
(41, 148, NULL, 2, 1, 1),
(41, 138, NULL, 1, 1, 1),
(41, 145, 137, 2, 1, 1),
(41, 146, 138, 2, 1, 1),
(41, 522, NULL, 1, 2, 1),
(41, 139, NULL, 1, 2, 1),
(41, 876, NULL, 1, 2, 1),
(41, 155, NULL, 1, 2, 1),
(41, 868, NULL, 2, 2, 1),
(41, 154, 145, 1, 2, 1),
(41, 188, NULL, 1, 2, 1),
(41, 877, 876, 2, 2, 1),
(41, 878, 876, 2, 2, 1),
(41, 880, 188, 2, 2, 1),
(41, 162, 145, 2, 2, 1),
(41, 879, 188, 2, 2, 1),
(41, 881, NULL, 1, 3, 1),
(41, 882, 878, 1, 3, 1),
(41, 882, 877, 1, 3, 1),
(41, 884, 877, 1, 3, 1),
(41, 883, 877, 1, 3, 1),
(41, 883, 878, 1, 3, 1),
(41, 884, 878, 1, 3, 1),
(41, 885, 879, 1, 3, 1),
(41, 885, 880, 1, 3, 1),
(41, 886, 879, 1, 3, 1),
(41, 886, 880, 1, 3, 1),
(41, 892, NULL, 1, 3, 1),
(41, 887, 882, 2, 3, 1),
(41, 888, 881, 2, 3, 1),
(41, 889, 885, 2, 3, 1),
(41, 890, 885, 2, 3, 1),
(41, 892, 894, 2, 3, 1),
(41, 891, 188, 2, 3, 1),
(41, 887, 884, 2, 3, 1),
(41, 889, 886, 2, 3, 1),
(41, 887, 883, 2, 3, 1),
(41, 890, 886, 2, 3, 1),
(41, 893, 889, 1, 4, 1),
(41, 895, 892, 1, 4, 1),
(41, 894, 892, 1, 4, 1),
(41, 896, 887, 1, 4, 1),
(41, 893, 890, 1, 4, 1),
(41, 897, NULL, 2, 4, 1),
(43, 130, NULL, 1, 1, 1),
(43, 140, NULL, 1, 1, 1),
(43, 155, NULL, 1, 1, 1),
(43, 899, NULL, 1, 1, 1),
(43, 134, NULL, 1, 1, 1),
(43, 622, NULL, 1, 1, 1),
(43, 138, NULL, 1, 1, 1),
(43, 148, NULL, 1, 1, 1),
(43, 621, NULL, 1, 1, 1),
(43, 147, NULL, 2, 1, 1),
(43, 132, NULL, 2, 1, 1),
(43, 133, NULL, 2, 1, 1),
(43, 623, 622, 2, 1, 1),
(43, 141, NULL, 2, 1, 1),
(43, 624, 622, 2, 1, 1),
(43, 625, NULL, 2, 1, 1),
(43, 626, 899, 2, 1, 1),
(43, 146, 138, 2, 1, 1),
(43, 629, 625, 1, 2, 1),
(43, 630, 621, 1, 2, 1),
(43, 900, 133, 1, 2, 1),
(43, 631, NULL, 1, 2, 1),
(43, 635, 626, 1, 2, 1),
(43, 633, NULL, 1, 2, 1),
(43, 632, 623, 1, 2, 1),
(43, 632, 624, 1, 2, 1),
(43, 634, NULL, 1, 2, 1),
(43, 901, NULL, 2, 2, 1),
(43, 638, 632, 2, 2, 1),
(43, 637, 631, 2, 2, 1),
(43, 643, 631, 2, 2, 1),
(43, 639, 629, 2, 2, 1),
(43, 640, 634, 2, 2, 1),
(43, 641, 630, 2, 2, 1),
(43, 642, 635, 2, 2, 1),
(43, 647, 633, 1, 3, 1),
(43, 522, NULL, 1, 3, 1),
(43, 646, 640, 1, 3, 1),
(43, 648, 639, 1, 3, 1),
(43, 649, 643, 1, 3, 1),
(43, 650, 641, 1, 3, 1),
(43, 651, NULL, 1, 3, 1),
(43, 647, 640, 1, 3, 1),
(43, 517, NULL, 2, 3, 1),
(43, 652, 649, 2, 3, 1),
(43, 653, 645, 2, 3, 1),
(43, 654, 648, 2, 3, 1),
(43, 655, 649, 2, 3, 1),
(43, 657, 646, 2, 3, 1),
(43, 658, NULL, 2, 3, 1),
(43, 656, 903, 2, 3, 1),
(43, 661, 660, 1, 4, 1),
(43, 662, 654, 1, 4, 1),
(43, 663, 653, 1, 4, 1),
(43, 664, 657, 1, 4, 1),
(43, 665, NULL, 1, 4, 1),
(43, 666, 659, 1, 4, 1),
(43, 156, 156, 1, 4, 1),
(43, 667, 667, 1, 4, 1),
(43, 904, NULL, 2, 4, 1),
(53, 130, NULL, 1, 1, 1),
(53, 138, NULL, 1, 1, 1),
(53, 141, NULL, 1, 1, 1),
(53, 907, NULL, 2, 1, 1),
(53, 905, NULL, 1, 1, 1),
(53, 137, NULL, 1, 1, 1),
(53, 134, NULL, 1, 1, 1),
(53, 906, NULL, 1, 1, 1),
(53, 132, NULL, 2, 1, 1),
(53, 155, NULL, 2, 1, 1),
(53, 147, NULL, 2, 1, 1),
(53, 133, NULL, 2, 1, 1),
(53, 145, 137, 2, 1, 1),
(53, 146, 138, 2, 1, 1),
(53, 908, 907, 1, 2, 1),
(53, 140, NULL, 1, 2, 1),
(53, 148, NULL, 1, 2, 1),
(53, 154, 145, 1, 2, 1),
(53, 910, 132, 1, 2, 1),
(53, 909, NULL, 1, 2, 1),
(53, 911, 908, 2, 2, 1),
(53, 912, 910, 2, 2, 1),
(53, 913, 905, 2, 2, 1),
(53, 139, NULL, 2, 2, 1),
(53, 868, NULL, 2, 2, 1),
(53, 162, 145, 2, 2, 1),
(53, 913, 909, 2, 2, 1),
(53, 914, 911, 1, 3, 1),
(53, 915, 913, 1, 3, 1),
(53, 522, NULL, 1, 3, 1),
(53, 916, 913, 1, 3, 1),
(53, 917, 912, 1, 3, 1),
(53, 919, 913, 2, 3, 1),
(53, 922, NULL, 2, 3, 1),
(53, 921, 913, 2, 3, 1),
(53, 918, 912, 2, 3, 1),
(53, 923, 917, 2, 3, 1),
(53, 920, 913, 2, 3, 1),
(53, 924, 915, 1, 4, 1),
(53, 925, 915, 1, 4, 1),
(53, 926, 915, 1, 4, 1),
(53, 927, NULL, 1, 4, 1),
(53, 929, NULL, 2, 4, 1),
(53, 930, NULL, 2, 4, 1),
(53, 928, 923, 1, 4, 1),
(53, 931, NULL, 2, 4, 1),
(53, 932, NULL, 2, 4, 1),
(53, 933, 919, 2, 4, 1),
(53, 933, 920, 2, 4, 1),
(64, 909, NULL, 1, 1, 1),
(64, 905, NULL, 1, 1, 1),
(64, 138, NULL, 1, 1, 1),
(64, 953, 909, 2, 1, 1),
(64, 130, NULL, 1, 1, 1),
(64, 140, NULL, 1, 1, 1),
(64, 953, 905, 2, 1, 1),
(64, 132, NULL, 1, 1, 1),
(64, 934, NULL, 2, 1, 1),
(64, 954, NULL, 2, 1, 1),
(64, 134, NULL, 2, 1, 1),
(64, 137, NULL, 1, 1, 1),
(64, 141, NULL, 2, 1, 1),
(64, 146, 138, 2, 1, 1),
(64, 145, 137, 2, 1, 1),
(64, 937, 905, 1, 2, 1),
(64, 937, 909, 1, 2, 1),
(64, 148, NULL, 2, 1, 1),
(64, 913, 909, 1, 2, 1),
(64, 935, 934, 1, 2, 1),
(64, 913, 954, 1, 2, 1),
(64, 913, 905, 1, 2, 1),
(64, 522, NULL, 1, 2, 1),
(64, 154, 145, 1, 2, 1),
(64, 133, NULL, 1, 2, 1),
(64, 938, 905, 2, 2, 1),
(64, 936, 935, 2, 2, 1),
(64, 939, 905, 2, 2, 1),
(64, 939, 909, 2, 2, 1),
(64, 939, 954, 2, 2, 1),
(64, 147, NULL, 2, 2, 1),
(64, 939, 936, 2, 2, 1),
(64, 938, 909, 2, 2, 1),
(64, 868, NULL, 2, 2, 1),
(64, 162, 145, 2, 2, 1),
(64, 940, 936, 1, 3, 1),
(64, 940, 909, 1, 3, 1),
(64, 941, 905, 1, 3, 1),
(64, 941, 909, 1, 3, 1),
(64, 940, 905, 1, 3, 1),
(64, 155, NULL, 1, 3, 1),
(64, 139, NULL, 1, 3, 1),
(64, 942, 905, 2, 3, 1),
(64, 955, NULL, 2, 3, 1),
(64, 942, 909, 2, 3, 1),
(64, 947, 909, 2, 3, 1),
(64, 943, 954, 2, 3, 1),
(64, 952, 181, 2, 3, 1),
(64, 948, 909, 1, 4, 1),
(64, 949, 909, 1, 4, 1),
(64, 933, NULL, 1, 4, 1),
(64, 944, 943, 1, 4, 1),
(64, 951, 909, 2, 4, 1),
(64, 950, 909, 2, 4, 1),
(64, 946, NULL, 2, 4, 1),
(64, 945, 944, 2, 4, 1);

-- --------------------------------------------------------

--
-- Table structure for table `institute`
--

CREATE TABLE `institute` (
  `id` int(11) NOT NULL,
  `name` varchar(10) DEFAULT NULL
) ENGINE=InnoDB DEFAULT CHARSET=utf8mb4;

--
-- Dumping data for table `institute`
--

INSERT INTO `institute` (`id`, `name`) VALUES
(11, 'ICE'),
(12, 'IBPA'),
(13, 'IETT'),
(14, 'IALS');

-- --------------------------------------------------------

--
-- Table structure for table `student`
--

CREATE TABLE `student` (
  `id` varchar(9) NOT NULL,
  `fname` varchar(100) DEFAULT NULL,
  `mname` varchar(45) DEFAULT NULL,
  `lname` varchar(100) DEFAULT NULL,
  `bday` date DEFAULT NULL,
  `gender` varchar(45) DEFAULT NULL,
  `course_id` int(11) DEFAULT NULL,
  `year` varchar(4) DEFAULT NULL,
  `email` varchar(255) DEFAULT NULL,
  `status` varchar(100) DEFAULT NULL,
  `address` varchar(45) DEFAULT NULL,
  `curriculum` int(11) DEFAULT NULL,
  `profile` varchar(255) DEFAULT NULL
) ENGINE=InnoDB DEFAULT CHARSET=utf8mb4;

--
-- Dumping data for table `student`
--

INSERT INTO `student` (`id`, `fname`, `mname`, `lname`, `bday`, `gender`, `course_id`, `year`, `email`, `status`, `address`, `curriculum`, `profile`) VALUES
('2018-0492', 'Regine ', 'Silongan', 'Salisad', '1999-12-25', 'Female', NULL, '1', 'regine.salisad@gmail.com', 'Regular', 'City of Mati, Davao Oriental', NULL, 'Regine.png'),
('2018-0803', 'Frances Pher', 'Impuesto ', 'Ramos', '1998-10-04', 'Male', 34, '1', 'ramosfrances.pher@gmail.com', 'Regular', 'Lupon, Davao Oriental', 1, 'ID PICTURE.jpg'),
('2018-0809', 'Julius Evan', 'Ramos', 'Rivas', '1999-07-04', 'Male', NULL, '1', 'leoramos0210@gmail.com', 'Regular', 'Lupon, Davao Oriental', NULL, 'Rivas.jpg');

-- --------------------------------------------------------

--
-- Table structure for table `subject`
--

CREATE TABLE `subject` (
  `id` int(11) NOT NULL,
  `course_num` varchar(255) DEFAULT NULL,
  `subject_description` varchar(255) DEFAULT NULL,
  `unit` double NOT NULL
) ENGINE=InnoDB DEFAULT CHARSET=utf8mb4;

--
-- Dumping data for table `subject`
--

INSERT INTO `subject` (`id`, `course_num`, `subject_description`, `unit`) VALUES
(130, 'PerDev 10', 'Understanding Self', 3),
(132, 'Math 15', 'Mathematics in the Modern World', 3),
(133, 'Philo 10', 'Ethics', 3),
(134, 'Eng 10', 'Purposive Communication', 3),
(135, 'ITC 100', 'Introduction to Computing (2/3)', 3),
(136, 'ITC 101', 'Computer Programming 1 (2/3)', 3),
(137, 'Spear 1', 'Movement Enhancement', 2),
(138, 'NSTP 1', 'CWTS / ROTC', 3),
(139, 'Hist 10', 'Life & Works of Rizal', 3),
(140, 'Hist 11', 'Readings in the Philippine History', 3),
(141, 'Hum 10', 'Art Appreciation', 3),
(142, 'Math 116', 'Discrete Mathematics for IT', 3),
(143, 'ITC 102', 'Computer Programming 2 (2/3)', 3),
(144, 'ITP 100', 'Introduction to Human Computer Interaction', 3),
(145, 'Spear 2', 'Fitness Exercises', 2),
(146, 'NSTP 2', 'CWTS / ROTC', 3),
(147, 'SocSci 10', 'The Contemporary World', 3),
(148, 'STS 10', 'Science, Technology and Society', 3),
(149, 'FILI 10', 'Komunikadong Komunikasyon', 3),
(150, 'ITC 120', 'Data Structures & Algorithm (2/3)', 3),
(151, 'ITPE 120', 'Object Oriented Programming (2/3)', 3),
(152, 'ITPE 121', 'Platform Technologies (2/3)', 3),
(153, 'ITPE 122', 'Web Systems & Technologies 1 (2/3)', 3),
(154, 'Spear 3', 'Physical Activity Towards Health & Fitness I', 2),
(155, 'LIT 10', 'Literature in Mindanao', 3),
(156, 'FILI 12', 'Inobasyon sa Wikang Filipino', 3),
(157, 'MATH 121', 'Quantitative and Methods', 3),
(158, 'ITC 121', 'Information Management (2/3)', 3),
(159, 'ITP 120', 'Networking 1 (2/3)', 3),
(160, 'ITP 121', 'Integrative Programming & Technologies 1 (2/3)', 3),
(161, 'ITP 122', 'Information Assurance & Security 1 (2/3)', 3),
(162, 'Spear 4', 'Physical Activity Towards Health & Fitness 2', 2),
(163, '', 'IT Professional Free Elective 1', 3),
(164, '', 'IT Professional Free Elective 2', 3),
(165, 'ITP 130', 'Social & Professional Issues', 3),
(166, 'ITP 131 ', 'Networking 2 (2/3)', 3),
(167, 'ITP 132', 'Advance Database System (2/3)', 3),
(168, 'ITP 133', 'System Integrative & Architecture (2/3)', 3),
(169, 'ITPE 130', 'Integrative Programming & Technologies 2 (2/3)', 3),
(170, '', 'IT Professional Free Elective 3', 3),
(171, '', 'IT Professional Free Elective 4', 3),
(172, '', 'IT Professional Free Elective 5', 3),
(173, '', 'IT Professional Free Elective 6', 3),
(174, 'ITC 130', 'Application Development & Emerging Technologies (2/3)', 3),
(175, 'ITP 134', 'Information Assurance & Security 2 (2/3)', 3),
(176, 'ITP 135', 'Capstone Project  & Research 1', 3),
(177, 'ITP 140', 'Capstone Project &  Research 2 (2/3)', 3),
(178, 'ITP 141', 'System Administration & Maintenance (2/3)', 3),
(179, 'ITP 142', 'Practicum (466)', 0),
(181, '3rd Year Standing', ' ', 0),
(182, 'Completed Courses from 1st Yr to 4th Yr 1st Semester', ' ', 0),
(183, 'CRs1', 'Intro to  Data Science', 3),
(186, 'PEd 127', 'Music in the K-12 Curriculum', 3),
(187, 'Fili 10', 'Kontekstwalisadong Komunikasyon sa Filipino', 3),
(188, 'FM 120', 'Financial Management', 3),
(517, 'Soc Sci 11', 'Peace Development and Indigenous Communities', 3),
(518, 'Educ 100', 'The Child and Adolescent Learners and Learning Principles', 3),
(519, 'Educ 101', 'The Teacher and the Community, Sch, and Org. Leadership', 3),
(520, 'Educ 103', 'Technology for Teaching and Learning', 3),
(521, 'EEd 100', 'Teaching Science in Primary Grades (Biology and Chemistry)', 3),
(522, 'STS 11', 'People and Earths Ecosystem', 3),
(523, 'EEd 106', 'Teaching Math in the Primary Grades', 3),
(524, 'EEd 102', 'Teaching Social Studies in the Primary Grades (Philippine History and Goverment)', 3),
(525, 'EEd 104', 'Pagtuturo ng Filipino sa Elementarya 1 - Estruktura at Gamit ng Wikang Filipino', 3),
(526, 'SNED 1', 'Foundation of Special and Inclusive Education', 3),
(527, 'Educ 107', 'Assessment in Learning 1', 3),
(528, 'EEd 118', 'Technology for Teaching and Learning in Elementary Grades', 3),
(529, 'EEd 101', 'Teaching Science in the Intermediate Grades(Physics, Earth and Space Science)', 3),
(530, 'EEd 107', 'Teaching Math in the Intermediate Grades', 3),
(531, 'EEd 103', 'Teaching Social Studies in the Intermediate Grades(Culture and Basic Geography)', 3),
(532, 'EEd 105', 'Pagtuturo ng Elementarya 2 - Panitikan ng Pilipinas', 3),
(533, 'Educ 108', 'Assessment Learning 2', 3),
(534, 'Educ 130', 'Building and Enhancing New Literacies Across the Curriculum', 3),
(535, 'FL 10', 'Foreign Language', 3),
(536, 'Educ 126', 'Facilitating Learner-Centered Teaching', 3),
(537, 'EEd 108', 'Edukasyong Pantahanan at Pangkabuhayan', 3),
(538, 'Educ 128', 'The Teacher and School Curriculum', 3),
(539, 'EEd 113', 'Teaching English in the Elementary Grades (Language Arts)', 3),
(540, 'Educ 111', 'The Teaching Profession', 3),
(541, 'EEd 115', 'Content and Pedagogy in the Mother Tongue', 3),
(542, 'EEd 117', 'Teaching Multi-Grade Classes', 3),
(543, 'EEd 116', 'Good Manners and Right Conduct (Edukasyon sa Pagpapakatao)', 3),
(544, 'EEd 109', 'Edukasyong Pantahanan at Pangkabuhayan with Entrepreneurship', 3),
(545, 'EEd 110', 'Teaching Music in the Elementary Grades', 3),
(546, 'EEd 111', 'Teaching Arts in the Elementary Grades', 3),
(547, 'EEd 112', 'Teaching PE and Health in the Elementary Grades', 3),
(548, 'EEd 114', 'Teaching English in the Elementary Grades through Literature', 3),
(549, 'EEd 119', 'Research in Education', 0),
(550, 'FS 100', 'Observation of Teaching-Learning in Actual School Environment', 3),
(551, 'FS 101', 'Participation and Teaching Assistantship', 3),
(552, 'CSA 100', 'Competencies and Skills Appraisal for Gen. Ed Courses', 2),
(553, 'Educ 145', 'Teaching Internship', 6),
(554, 'CSA 101', 'Competencies and Skills Appraisal for Prof. Ed Courses', 2),
(555, 'CSA 102', 'Competencies and Skills Appraisal for Specialization Courses', 2),
(556, 'All Major and Prof. Ed Courses', '', 0),
(557, 'SNED 2', 'Leaners with Development Disabilities', 3),
(558, 'SNED 3', 'Learners with Sensory and Physical Disabilities', 3),
(559, 'SNED 4', 'Introduction to Manual Communication', 3),
(560, 'SNED 5', 'Leaners with Emotional, Behavioral, Language and Communication Disabilities', 3),
(561, 'SNED 6', 'Introduction to Braille Reading and Writing with Orientation and Mobility', 3),
(562, 'SNED 7', 'Gifted and Talented Learners', 3),
(563, 'SNED 8', 'Curriculum and Pedagogy in Inclusive Education', 3),
(564, 'SNED 9', 'Educational Assessment of Students with Additional Needs', 3),
(565, 'SNED 10', 'Behavior Management and Modification', 3),
(566, 'SNED 11', 'Adapted Physical Education, Recreation, Music and Health', 3),
(567, 'SNED 12', 'Instructional Adaptations in Language and Literacy Instruction', 3),
(568, 'SNED 13', 'Instructional Adaptations In Mathematics and Science Instruction', 3),
(569, 'SNED 14', 'Instructional Adaptations for Teaching Content Areas (Soc, Sci, Hum.)', 3),
(570, 'SNED 15', 'Development of Individualized Education Plans', 3),
(571, 'SNED 16', 'Early Childhood Inclusive Education', 3),
(572, 'SNED 17', 'Transition Education', 3),
(573, 'SNED 18', 'Research in Special Needs and Inclusive Education', 3),
(574, 'SNED 19', 'Teaching Multi-Grade Classes', 3),
(575, 'MATH108E', 'Calculus 1', 5),
(576, 'CHEM 104', 'Chemistry for Engineers (3/3)', 4),
(577, 'ES 111', 'Civil Engineering Orientation', 2),
(578, 'MATH109E', 'Calculus 2', 5),
(579, 'Phys 101', 'Physics for Engineer (Calculus Based) 3/3', 4),
(580, 'ES 112', 'Engineering Drawings and Plans (0/3)', 1),
(581, 'ES 113', 'Computer Fundamentals and Programming (0/6)', 2),
(582, 'Math 115', 'Differential Equations', 3),
(583, 'ES 121', 'Computer-Aided Drafting (0/3)', 1),
(584, 'ES 122', 'Statics of Rigid Bodies', 3),
(585, 'CE 121', 'Fundamental of Surveying (3/3)', 4),
(586, 'ES 123', 'Engineering Economics', 3),
(587, 'ES 124', 'Engineering Management', 2),
(588, 'Math 125', 'Engineering Data Analysis', 3),
(589, 'Geo 100', 'Geology for Civil Engineers', 2),
(590, 'ES 125', 'Dynamics of Rigid Bodies', 2),
(591, 'ES 126', 'Mechanics of Deformable Bodies', 4),
(592, 'CE 122', 'Construction Material and Testing (2/3)', 3),
(593, 'CE 131', 'Structural Theory (4/3)', 5),
(594, 'CE 132', 'High way and Rail Road Engineering', 3),
(595, 'EE 131', 'Basic Electrical Engineer', 3),
(596, 'ME 131', 'Basic Mechanical Engineering', 3),
(597, 'Math 130', 'Numerical Solutions to CE Problems (2/3)', 3),
(598, 'ES 131', 'Technoprenuership 101', 3),
(599, 'CE 133', 'Building System Design (2/3)', 3),
(600, 'CE 134', 'Principles of Steel Design (2/3)', 3),
(601, 'CE 135', 'Principles of Reinforced/Pre-stressed Concrete (3/3)', 4),
(602, 'CE 136', 'Hydrology', 2),
(603, 'CE 137', 'Hydraulics (4/3)', 5),
(604, 'CE 138', 'Advanced Structural Analysis', 3),
(605, 'CE 140', 'CE Law, Ethics and Contracts', 2),
(606, 'CE 141', 'Geotechnical Engineering 1 (Soil Mechanics) 3/3', 4),
(607, 'CE 142', 'Principles of Transportation Engineering', 3),
(608, 'CE 143', 'CE Project 1 (1/3)', 2),
(609, 'CE 151', 'Professional Course-Specialized 1', 3),
(610, 'CE 152', 'Professional Course-Specialized 2', 3),
(611, 'CE 144', 'CE Project 2 (1/3)', 2),
(612, 'CE 145', 'Quantity Surveying (1/3)', 2),
(613, 'CE 146', 'Construction Methods and Project Management', 3),
(614, 'CE 153', 'Professional Course-Specialized 3', 3),
(615, 'CE 154', 'Professional Course-Specialized 4', 3),
(616, 'CE 155', 'Professional Course-Specialized 5', 3),
(617, 'CE 139', 'On-The-Job Training -240 hours (2/3)', 3),
(618, '4th Year Standing', '', 0),
(619, 'Completed the 3 years Academic requirements', '', 0),
(620, '2nd year Standing', '2nd year Standing', 0),
(621, 'LEA 100', 'Law Enforcement Organization and Administration', 4),
(622, 'Crim 100', 'Introduction to Criminology', 3),
(623, 'Crim 101', 'Theories of Crime Causation', 3),
(624, 'Crim 102', 'Human Behavior and Victimology', 3),
(625, 'CLJ 100', 'Introduction to Philippine Criminal Justice System', 3),
(626, 'PE 101', 'Arnis and Disarming Technique', 2),
(629, 'CLJ 101', 'Human Rights Education', 3),
(630, 'LEA 101', 'Comparative Models in Policing', 3),
(631, 'CDI 100', 'Fundamental of Criminal Investigation and Intelligence', 4),
(632, 'Crim 103', 'Professional Conduct and Ethical Standards', 3),
(633, 'Chem 10', 'General Chemistry', 3),
(634, 'Forensic 100', 'Forensic Photography', 3),
(635, 'PE 102', 'First Aid and Water Safety', 2),
(636, 'MTS 13', 'Living in the IT Era', 3),
(637, 'CDI 101', 'Specialized Crime Investigation 1 with Legal Medicine', 3),
(638, 'Crim 104', 'Juvenile Delinquency and Juvenile System', 3),
(639, 'CLJ 102', 'Criminal Law (Book 1)', 3),
(640, 'Forensic 101', 'Personal Identification Techniques', 3),
(641, 'LEA 102', 'Introduction to Industrial Security Concepts', 3),
(642, 'PE 103', 'Fundamentals of Marksmanship', 2),
(643, 'CDI 102', 'Special Crime Investigation 2 with simulation on interrogation and Interview', 3),
(644, 'CLFM 1', 'Character Formation 1 Nationalism and Patriotism', 3),
(645, 'Crim 105', 'Dispute Resolution and Crises/Incidents Mgt', 3),
(646, 'Forensic 103', 'Forensic Questioned Documents Examination', 3),
(647, 'Forensic 102', 'Forensic Chemistry and Toxicology', 5),
(648, 'CLJ 103', 'Criminal Law (Book 2)', 4),
(649, 'CDI 103', 'Traffic Management and Accident Investigation with Driving', 3),
(650, 'LEA 103', 'Law Enforcement Operations and Planning with Crime Mapping', 3),
(651, 'Hum 11', 'Philippine Popular Culture', 3),
(652, 'CDI 104', 'Technical English 1 (Investigation Report Writing and Presentation)', 3),
(653, 'Crim 106', 'Criminological Research 1 (Research Methods with Applied Statics)', 3),
(654, 'CLJ 104', 'Evidence', 3),
(655, 'CDI 105', 'Fire Protection and Arson Investigation', 3),
(656, 'CFLM 2', 'Character Formation 2 Leadership, Decision Making, Management and Administration', 3),
(657, 'Forensic 104', 'Lie Detection Techniques', 3),
(658, 'CA 100', 'Institutional Corrections', 3),
(659, 'CA 101', 'Non - Institutional Corrections', 3),
(660, 'CDI 106', 'Technical English 2 (Legal Forms)', 3),
(661, 'CDI 108', 'Introduction to Cybercrime, Environmental Laws and Protection', 3),
(662, 'CLJ 105', 'Criminal Procedure and Court Testimony', 3),
(663, 'Crim 107', 'Criminological Research 2 (Thesis Writing and Presentation)', 3),
(664, 'Forensic 105', 'Forensic Ballistics', 3),
(665, 'Practicum', 'OJT 1', 3),
(666, 'CA 102', 'Therapeutic Modalities', 2),
(667, 'CDI 107', 'Vice and Drug Education and Control', 3),
(668, 'IC 400', 'Proficiency Assessment Course', 3),
(669, 'THC 100', 'Macro Perspective of Tourism and Hospitality', 3),
(670, 'HPC 101', 'Kitchen Essentials and Basic Food Preparation', 3),
(671, 'HPC 102', 'Fundamental in FS Operations', 3),
(672, 'THC 103', 'Risk Management as Applied to Safety, Security and Sanitation', 3),
(673, 'THC 104', 'Quality Service Management in Tourism and Hospitality', 3),
(674, 'THC 105', 'Philippine Tourism, Geography and Culture', 3),
(675, 'THC 106', 'Micro Perspective of Tourism and Hospitality', 3),
(676, 'HPC 107', 'Fundamentals in Lodging Operations', 3),
(677, 'HMPE 108', 'Bar and Beverage Management with Lab', 3),
(678, 'BHM 109', 'Organization and Management', 3),
(679, 'HMPE 120', 'Culinary Fundamental with Lab', 3),
(680, 'HMPE 121', 'Front Office Operation', 3),
(681, 'HPC 122', 'Foreign Language 1', 3),
(682, 'BHM 123', 'Applied Economics', 3),
(683, 'BHM 124', 'Business Finance', 3),
(684, 'HPC 125', 'Foreign Language 2', 3),
(685, 'BHM 126', 'Business Marketing', 3),
(686, 'HPC 127', 'Supply Chain Management in Hospitality Industry', 3),
(687, 'HPC 128', 'Applied Business Tools and Technologies  (PMS) with Lab', 3),
(688, 'BHM 129', 'Fundamentals of Accounting', 3),
(689, 'BME 130', 'Operation Management in Tourism and Hospitality Industrt', 3),
(690, 'THC 131', 'Tourism and Hospitality Marketing', 3),
(691, 'HPC 132', 'Introduction to MICE', 3),
(692, 'HMPE 133', 'Cost Control', 3),
(693, 'THC 134', 'Professional Development and Applied Ethics', 3),
(694, 'HPC 135', 'Research in Hospitality', 3),
(695, 'BME 136', 'Strategic Management in Tourism and Hospitality', 3),
(696, 'HMPE 137', 'Catering Management', 3),
(697, 'THC 138', 'Entrepreneurship in Tourism and Hospitality', 3),
(698, 'THC 139', 'Legal Aspect in Tourism and Hospitality Industry', 3),
(699, 'HPC 140', 'Ergonomics and Facilities Planning for Hospitality Industry', 3),
(700, 'THC 141', 'Multi Cultural Diversity in Workplace for the Tourism Professional', 3),
(701, 'Prac A.', 'PRATICUM A', 3),
(702, 'Prac B.', 'PRACTICUM B', 3),
(703, 'AgEng g 1', 'Agricultural Mechanics', 3),
(704, 'CropSci 1', 'Introduction to Crop Science', 3),
(705, 'AnSci 1', 'Introduction to Animal Science', 3),
(706, 'AnEng g 2', 'Irrigation and Drainage', 3),
(707, 'Crop Sci 2', 'Horticultural Crop Production and Management', 3),
(708, 'AnSci 2', 'Poultry Production and Management', 3),
(709, 'CropSci 3', 'Field Crops and Cereal Prod.', 3),
(710, 'AnSci 3', 'Swine Production and Management', 3),
(711, 'Praticum', 'Practicum in Agriculture', 13),
(712, 'AgBus 10', 'Farm Business Management', 3),
(713, 'Food Tech 1', 'Food Processing of Animal and Sea Food Products', 3),
(714, 'Agri 11', 'Philippine and Asian Agriculture', 3),
(715, 'CropSci 4', 'Post-Harvest Technology 1', 3),
(716, 'AnSci 4', 'Ruminant Production and Manangement', 3),
(717, 'AgExt 1', 'Principles and Methods of Agricultural Extension', 3),
(718, 'Agri 10', 'Quality Evaluation and Standardization', 3),
(719, 'IPM 1', 'Integrated Pest Management', 3),
(720, 'SoilSci 1', 'Soil Management and Conservation', 3),
(721, 'CropSci 5', 'Post-Harvest handling of Perishable Crops', 3),
(722, 'CropSci 6', 'Plant Propagation and Nursery Mgt.', 3),
(723, 'AgBus 11', 'Agricultural Marketing', 3),
(724, 'Crop Prot 1', 'Principles of Crop Protection', 3),
(725, 'AnSci 5', 'Meat Technology', 3),
(726, 'Agri 12', 'Crop and Animal Improvement', 3),
(727, 'AgBus 12', 'Agri. Business Finance', 3),
(728, 'CropSci 7', 'Post-Harvest handling of Durable and Plantation Crops', 3),
(729, 'Food Tech 2', 'Secondary Food Processing of Agri, Products', 3),
(730, 'AngEng g 3', 'Agricultural Mechanics 2', 3),
(731, 'Intern 100', 'Occupational Internship on Chosen Field (600 hrs)', 18),
(732, 'All 1st, 2nd, 3rd year Courses', 'All 1st, 2nd, 3rd year Courses', 0),
(733, '1st and 2nd YR AGRI SUBS', '1st and 2nd YR AGRI SUBS', 0),
(734, 'All Agri', 'All Agri', 0),
(735, 'AM 110', 'Concept of Dynamics Management', 3),
(736, 'AM 111', 'Principles of Accounting', 3),
(737, 'AM 112', 'Principles of Economics', 3),
(738, 'Agri 101', 'Introduction to Agriculture', 1),
(739, 'CropSci 101', 'Fundamentals of Crop Science', 3),
(740, 'AM 113', 'Managerial Accounting', 3),
(741, 'AM 114', 'Business and Income Taxation', 3),
(742, 'AM 115', 'Intermediate Microeconomics Theory', 3),
(743, 'AM 116', 'Introduction to AgriBusiness Management', 3),
(744, 'AM 120', 'Introduction to Entrepreneurship', 3),
(745, 'AM 121', 'Introduction to Human Behavior Organization', 3),
(746, 'AnSci 101', 'Introduction to Animal Science', 3),
(747, 'AgEng 101', 'Agricultural Engineering', 3),
(748, 'CropProt 101', 'Entomology', 3),
(749, 'AnSci 102', 'Introduction to Live stock and Poultry Production', 3),
(750, 'SoilSci 101', 'Principles of Soil Science', 3),
(751, 'Ag Ext 101', 'Agricultural Extension and Communication', 3),
(752, 'AM 123', 'New Enterprise Planning', 3),
(753, 'AM 124', 'Introduction to Human Resource Managment', 3),
(754, 'AM 125', 'Introduction to Managerial Economics', 3),
(755, 'CropProt 102', 'Plant Pathology', 3),
(756, 'CropSci 102', 'Fundamentals to Horticulture', 3),
(757, 'AM 130', 'Introduction to Marketing Management', 3),
(758, 'AM 131', 'Introduction to Organization and Management of Small Business', 3),
(759, 'AM 132', 'Agribusiness Research Methodology', 3),
(760, 'AM 133', 'Value Chain Management', 3),
(761, 'AM 134', 'Business Law', 3),
(762, 'AM 135', 'Introduction to Financial Management', 3),
(763, 'AM 136', 'Introduction to International Marketing', 3),
(764, 'AM 137', 'Introdution to Production and Operations Management', 3),
(765, 'AM 140', 'Supervised Field Experience', 6),
(766, 'AM Elec 1', 'Food Processing', 0),
(767, 'AM Elec 2', 'Fisheries', 0),
(768, 'all Agriculture board courses and AM 132', '', 0),
(769, 'AM 141', 'Introduction to Strategic Management', 3),
(770, 'AM 142', 'Introduction to Management Science', 3),
(771, 'AM 143', 'Introduction to Project Feasibility Study/ Project Benefit Monitoring Evaluation', 3),
(772, 'AM 144', 'Introduction to Investment Management', 3),
(773, 'AM 145', 'Special Problem', 3),
(774, 'AM 122', 'Cooperative Management and Governance', 3),
(775, 'ECE 1', 'Foundation to Early Childhood Education', 3),
(776, 'ECE 2', 'Health, Nutrition and Safety', 3),
(777, 'ECE 4', 'Play and Developmental Appropriate Practices in ECE', 3),
(778, 'ECE 3', 'Child Development', 3),
(779, 'ECE 6', 'Numeracy Development', 3),
(780, 'ECE 7', 'Creative Arts, Music and Movement in ECE', 3),
(781, 'ECE 8', 'Childrens Literature', 3),
(782, 'ECE 5', 'Inclusive Education in Early Childhood Settings', 3),
(783, 'ECE 21', 'Content and Pedagogy in the Mother Tongue', 3),
(784, 'ECE 9', 'Assessment of Childrens Development and Learning', 3),
(785, 'ECE 10', 'Literacy Development', 3),
(786, 'ECE 11', 'Social Studies of Early Childhood Education', 3),
(787, 'ECE 12', 'Technology Teaching and Learning 2 Utilization of Instructional Technology in Education', 3),
(788, 'ECE 13', 'Science in Early Childhood Education', 3),
(789, 'ECE 16', 'Infant and Toddler Programs', 3),
(790, 'ECE 14', 'Early Childhood Education Curriculum Model', 3),
(791, 'ECE 15', 'Guiding Childrens Behavior and Moral Development', 3),
(792, 'ECE 17', 'Early Learning Environment', 3),
(793, 'ECE 18', 'Management of Early Childhood Development Program', 3),
(794, 'ECE 19', 'Research in Early Childhood Education', 3),
(795, 'ECE 20', 'Family, School and Community Partnership', 3),
(796, 'ECE ST', 'Integrative Teaching Strategies', 3),
(797, 'All Prof. Ed and Major Courses', 'All Prof. Ed and Major Courses', 0),
(798, 'Fili 101', 'Inroduksyon sa Pag-aaral ng Wika', 3),
(799, 'Fili 102', 'Panimulang Linggwistika', 3),
(800, 'Lit 101', 'Panitikan ng Rehiyon', 3),
(801, 'Lit 102', 'Kulturang Popular', 3),
(802, 'FLE 1', 'Malikhaing Pagsulat', 3),
(803, 'FIili 104', 'Estruktura ng Wikang Filipino', 3),
(804, 'Fili 105', 'Pagtuturo at Pagtataya ng Makrong Kasanayang Pangwika', 3),
(805, 'Fili 106', 'Ugnayan ng Wika, Kultura at Lipunan', 3),
(806, 'Fili 107', 'Paghahanda at Ebalwasyon ng Kagmitang Panturo', 3),
(807, 'Fili 108', 'Intoduksyon sa Pagsasalin', 3),
(808, 'Lit 103', 'Sanaysay at Talumpati', 3),
(809, 'Fili 109', 'Introduksyon sa Pananaliksik-Wika at Panitikan', 3),
(810, 'Lit 104', 'Panunuring Pampanitikan', 3),
(811, 'Lit 105', 'Maikling Kuwento at Nobelang Filipino', 3),
(812, 'Fili 106', 'Panulaang Filipino', 3),
(813, 'FLE 2', 'Pagsasalin sa Ibat-ibang Disiplina', 3),
(814, 'Fili 110', 'Introduksyon sa Pamamahayag', 3),
(815, 'Fili 111', 'Barayti at Baryasyon ng Wika', 3),
(816, 'Fili 112', 'Mga Natatanging Diskurso sa Wika at Panitikin', 3),
(817, 'Lit 107', 'Dulaang Filipino', 3),
(818, 'TTL 2', 'Technology for Teaching and Learning 2', 3),
(819, 'Fili 103', 'Ang Filipino sa kurikulum ng Batayang Edukasyon', 3),
(820, 'EL 100', 'Intro to Linguistics', 3),
(821, 'EL 101', 'Language, Culture and Society', 3),
(822, 'EL 102', 'Stucture of English', 3),
(823, 'EL 103', 'Principles and Theories of Language Acquisition and Learning', 3),
(824, 'EL 112', 'Mythology and Foklore', 3),
(825, 'EL 104', 'Language Programs and Policies in Multilingual Society', 3),
(826, 'EL 111', 'Children and Adolescent Literature', 3),
(827, 'EL 120', 'Technology for Teaching and Learning (Technology in Language Education)', 3),
(828, 'EL 110', 'Language Education Research', 3),
(829, 'EL 113', 'Survey of Philippine Literature in English', 3),
(830, 'EL 114', 'Survey of Afro-Asian Literature', 3),
(831, 'EL 115', 'Survey of English and American Literature', 3),
(832, 'EL 116', 'Contermporary, Popular and Emergent Literature', 3),
(833, 'EL 118', 'Technical Writing', 3),
(834, 'EL C1', 'Stylistics  and Discourse Analysis', 3),
(835, 'EL 107', 'Teaching and Assessment of Macro Skills', 3),
(836, 'EL 117', 'Literary Critism', 3),
(837, 'EL C2', 'English for Specific Purpose', 3),
(838, 'EL 105', 'Language Learning Materials Development', 3),
(839, 'EL 106', 'Teaching and Assessment of Literature Studies', 3),
(840, 'EL 108', 'Teaching Assessment of Grammar', 3),
(841, 'EL 109', 'Speech and Theater Arts', 3),
(842, 'EL 119', 'Campus Journalism', 3),
(843, 'AT 100', 'Occupational Environmental Health and Safety Practices (1/0)', 1),
(844, 'AT 101', 'Internal Combustion Engine, Servicing, Repair and Maintenance (2/3)', 3),
(845, 'AT 102', 'Automotive Service Shop Management and Maintenance (1/0)', 1),
(846, 'AT 103', 'Technical Drawing 1 (1/3)', 2),
(847, 'AT 104', 'Automotive Body Electrical System Servicing, Repair and Maintenance (2/3)', 3),
(848, 'AT 105', 'Front Loading Geometry and Undercar System (1/3)', 2),
(849, 'AT 106', 'Preventive Maintenance and Gasoline/Diesel Engine Tune-up and Troubleshooting (1/3)', 2),
(850, 'AT 107', 'Technical Drawing 2 (1/3)', 2),
(851, 'AT 120', 'Automotive Air-Conditioning System Servicing, Repair and Maintenance (2/3))', 3),
(852, 'AT 121', 'Motorcycle and Small Engine Servicing, Repair and Maintenance (2/3)', 3),
(853, 'AT 122', 'Automotive Body Repair (2/6)', 4),
(854, 'AT 123', 'Technical Physics (1/3)', 3),
(855, 'AT 124', 'Engine Overhauling and Rebuilding (2/3)', 3),
(856, 'AT 125', 'Automotive Body Painting (2/3)', 3),
(857, 'AT 126', 'Basic Driving (Theory and Practive) (2/3)', 3),
(858, 'AT 127', 'Computer Aided Design (2/3)', 3),
(859, 'IIM 1', 'Industry Immersion (270 Hours)', 5),
(860, 'AT 130', 'Basic Power Technology (2/3)', 3),
(861, 'AT 131', 'Basic Electronics and Engine Management System Operation and Maintenance (2/3)', 3),
(862, 'AT 132', 'Fuel Injection and Calibration (2/3)', 3),
(863, 'IM 197', 'Statistics for Technology', 3),
(864, 'IM 198', 'Industrial Research with Introduction to Basic Research', 3),
(865, 'IIM 2', 'Industry Immersion 2 (540 Hours)', 10),
(866, 'IM 199', 'Technology in Specialized Field Project Study (1/6)', 3),
(867, 'IM 140', 'Concept and Dynamics of Management', 3),
(868, 'SocSci 11', 'Peace Development and Indigenous Communities', 3),
(869, 'IM 141', 'Introduction to Entrepreneurship', 3),
(870, 'IM 142', 'Introduction to Human Behavior in Organization', 3),
(871, 'IM 143', 'Introduction to Human Resource Management', 3),
(872, 'IM 144', 'Technology Shop Lay-out and Management', 3),
(873, 'IM 145', 'Production Management for Technology', 3),
(874, 'IM 146', 'Industrial Psychology and Management', 3),
(875, 'Senior Standing', 'Senior Standing', 0),
(876, 'BA 120', 'Basic Microeconomics', 3),
(877, 'BA 121', 'Business Law (Obligations and Contracts)', 3),
(878, 'BA 122', 'Taxation (Income Taxation)', 3),
(879, 'FM 121', 'Financial Analysis and Reporting', 3),
(880, 'FM 122', 'Banking and Financial Institutions', 3),
(881, 'CBM 130', 'Strategic Management', 3),
(882, 'BA 130', 'Good Governance and Social Responsibility', 3),
(883, 'BA 131', 'Human Resource Management', 3),
(884, 'BA 132', 'International Business and Trade', 3),
(885, 'FM 130', 'Monetary Policy and Banking', 3),
(886, 'FM 131', 'Investment and Portfolio Management', 3),
(887, 'BA 133', 'Business Research', 3),
(888, 'CBM 131', 'Operations Management (TQM)', 3),
(889, 'FM 132', 'Credit and Collection', 3),
(890, 'FM 133', 'Capital Market', 3),
(891, 'IC 130', 'Business Risk Management', 3),
(892, 'Elective 200', 'Public Finance', 3),
(893, 'FM 140', 'Special Topics in Financial Management', 3),
(894, 'Elective 300', 'Cooperative Management', 3),
(895, 'Elective 400', 'Entrepreneurial Management', 3),
(896, 'BA 140', 'Thesis or  Feasibility Study', 3),
(897, 'Prac. 141', 'Practicum/Work Integrated Learning (Internship-600 hours))', 6),
(898, 'Elective 100', 'Personal Finance', 3),
(899, 'PE 100', 'Fundamentals of Martial Arts', 0),
(900, 'Philo 11', 'Logic & Critical Thinking', 3),
(901, 'MST 13', 'Living in the IT era', 3),
(902, 'Lit 11', 'Sinesosyedad/Pelikulang Panlipunan', 3),
(903, 'CFLM 1', 'Nationalism and Patriotism with Environmental Laws', 3),
(904, 'Practicum 2', 'OJT 2 (270 Hours)', 3),
(905, 'Bot 100', 'General Botany', 5),
(906, 'Phys 110', 'Physics for Environmental Science', 5),
(907, 'Chem 100', 'General & Inorganic Chemistry', 5),
(908, 'Chem 101', 'Analytical Chemistry', 5),
(909, 'Zoo 100', 'General Zoology', 5),
(910, 'Math 17', 'Calculus for Bioscience', 4),
(911, 'Chem 102', 'Organic Chemistry', 5),
(912, 'Math 18', 'Statistics for Bioscience', 3),
(913, 'Bio 102', 'General Ecology', 5),
(914, 'Envi Sci 100', 'Environmental Chemistry', 3),
(915, 'Envi Mgt 100', 'Principles of Environmental Management', 3),
(916, 'Nat Sci 102', 'Marine Science', 5),
(917, 'Envi Sci 196', 'Seminar & Research Methods in Environmental Science', 3),
(918, 'Envi Mgt 101', 'Operations Research in Environmental Science', 3),
(919, 'Envi Sci 101', 'Terrestrial Ecosystem', 3),
(920, 'Envi Sci 102', 'Aquatic Ecosystem', 3),
(921, 'Envi Sci 103', 'Natural Resource Economics & Environmental Economics', 3),
(922, 'Envi Sci 104', 'Environmental Technology', 3),
(923, 'Envi Sci 197', 'Thesis 1/Special Proj. + OJT', 3),
(924, 'Envi Mgt 102', 'Community Organizing and Extension Management', 3),
(925, 'Envi Mgt 103', 'Land use, Planning and Management', 3),
(926, 'Envi Mgt 104 ', 'Indigenous People, Issues and Natural Resources Management', 3),
(927, 'Nat Sci 103', 'Environmental Geology', 3),
(928, 'Envi Sci 198', 'Thesis 2/Special Proj. + OJT', 3),
(929, 'Envi Sci 106', 'Environmental Ethics, Policies & Laws', 3),
(930, 'Envi Sci 107', 'Environmental Psychology', 3),
(931, 'Envi Sci 108', 'Climate Change Studies', 3),
(932, 'Envi Sci 109', 'Environmental Impact Assessment', 3),
(933, 'Envi Sci 105', 'Conservation Biology', 3),
(934, 'BioChem 101', 'Chemical Biology 1 (Organic Molecules)', 3),
(935, 'BioChem 102', 'Chemical Biology 2 (Analytical Methods for Bio)', 3),
(936, 'BioChem 103', 'Chemical Biology 3 (Biomolecules)', 5),
(937, 'Bio 101', 'Microbiology', 5),
(938, 'Bio 103', 'Evolutionary Biology', 5),
(939, 'Bio 104', 'Genetics', 5),
(940, 'Bio 105', 'Cell and molecular Biology', 5),
(941, 'Bio 106', 'General Physiology', 5),
(942, 'Bio 107', 'Developmental Biology', 5),
(943, 'Bio 197', 'Thesis 1', 2),
(944, 'Bio 198', 'Thesis 2', 2),
(945, 'Bio 199', 'Thesis 3', 2),
(946, 'DC 141', 'Multi-Media Materials Design and  Production', 3),
(947, 'Zoo 101', 'Comparative Vertebrate', 5),
(948, 'Zoo 102', 'Histology', 5),
(949, 'Zoo 103', 'Invertebrate Zoology', 5),
(950, 'Zoo 104', 'Entomology', 5),
(951, 'Zoo 105', 'Parasitology', 5),
(952, 'Bio 196', 'Practicum/OJT/Apprenticeship(150Hours)', 3),
(953, 'Bio 100', 'Systematics', 5),
(954, 'StatBio', '100', 3),
(955, 'BioPhys', 'BioPhysics', 4);

-- --------------------------------------------------------

--
-- Table structure for table `takes`
--

CREATE TABLE `takes` (
  `id` int(11) NOT NULL,
  `student_id` varchar(9) NOT NULL,
  `subject_id` int(11) NOT NULL,
  `grades` varchar(19) DEFAULT NULL,
  `year` int(1) DEFAULT NULL,
  `comply` double DEFAULT NULL,
  `sem` varchar(45) DEFAULT NULL
) ENGINE=InnoDB DEFAULT CHARSET=utf8mb4;

--
-- Dumping data for table `takes`
--

INSERT INTO `takes` (`id`, `student_id`, `subject_id`, `grades`, `year`, `comply`, `sem`) VALUES
(1, '0000-0001', 130, '3.00', 1, NULL, '1'),
(2, '0000-0001', 133, 'INC', 1, 5, '1'),
(3, '0000-0001', 134, 'INC', 1, 5, '1'),
(4, '0000-0001', 137, '2.25', 1, NULL, '1'),
(5, '0000-0001', 135, 'INC', 1, 5, '1'),
(6, '0000-0001', 138, '1.00', 1, NULL, '1'),
(7, '0000-0001', 132, 'INC', 1, 5, '1'),
(8, '0000-0001', 137, '1.00', 1, NULL, '1'),
(9, '0000-0001', 139, 'INC', 1, 5, '2'),
(10, '0000-0001', 141, 'INC', 1, 5, '2'),
(11, '0000-0001', 144, '3.00', 1, NULL, '2'),
(12, '0000-0001', 140, '3.00', 1, NULL, '2'),
(13, '0000-0001', 145, '3.00', 1, NULL, '2'),
(14, '0000-0001', 142, '3.00', 1, NULL, '2'),
(15, '0000-0001', 143, '3.00', 1, NULL, '2'),
(16, '0000-0001', 146, '3.00', 1, NULL, '2'),
(17, '0000-0001', 147, '5.00', 2, NULL, '1'),
(18, '0000-0001', 148, '5.00', 2, NULL, '1'),
(19, '0000-0001', 161, '5.00', 2, NULL, '1'),
(20, '0000-0001', 152, '5.00', 2, NULL, '1'),
(21, '0000-0001', 149, '5.00', 2, NULL, '1'),
(22, '0000-0001', 150, '5.00', 2, NULL, '1'),
(23, '0000-0001', 154, '5.00', 2, NULL, '1'),
(24, '0000-0001', 151, '5.00', 2, NULL, '1'),
(25, '0000-0001', 155, '1.00', 2, NULL, '2'),
(26, '0000-0001', 158, '1.00', 2, NULL, '2'),
(27, '0000-0001', 160, '4.00', 2, NULL, '2'),
(28, '0000-0001', 157, '2.25', 2, NULL, '2'),
(29, '0000-0001', 156, '1.00', 2, NULL, '2'),
(30, '0000-0001', 159, '3.00', 2, NULL, '2'),
(31, '0000-0001', 161, '4.00', 2, NULL, '2'),
(32, '0000-0001', 162, '4.00', 2, NULL, '2'),
(33, '0000-0002', 130, '4.00', 1, 3, '1'),
(34, '0000-0002', 133, '4.00', 1, 3, '1'),
(35, '0000-0002', 136, '2.25', 1, NULL, '1'),
(36, '0000-0002', 137, '1.00', 1, NULL, '1'),
(37, '0000-0002', 138, '2.00', 1, NULL, '1'),
(38, '0000-0002', 134, '4.00', 1, 3, '1'),
(39, '0000-0002', 132, '4.00', 1, 3, '1'),
(40, '0000-0002', 135, '4.00', 1, 3, '1'),
(41, '2018-0803', 130, '2.00', 1, NULL, '1'),
(42, '2018-0803', 138, '3.00', 1, NULL, '1'),
(43, '2018-0803', 136, '3.00', 1, NULL, '1'),
(44, '2018-0803', 134, '3.00', 1, NULL, '1'),
(45, '2018-0803', 133, '2.00', 1, NULL, '1'),
(46, '2018-0803', 132, '1.5', 1, NULL, '1'),
(47, '2018-0803', 135, '2.00', 1, NULL, '1'),
(48, '2018-0803', 137, '2.25', 1, NULL, '1'),
(49, '2018-0803', 139, '2.00', 1, NULL, '2'),
(50, '2018-0803', 142, '1.00', 1, NULL, '2'),
(51, '2018-0803', 141, '3.00', 1, NULL, '2'),
(52, '2018-0803', 143, '2.25', 1, NULL, '2'),
(53, '2018-0803', 145, '1.75', 1, NULL, '2'),
(54, '2018-0803', 140, '3.00', 1, NULL, '2'),
(55, '2018-0803', 146, '2.25', 1, NULL, '2'),
(56, '2018-0803', 144, '2.00', 1, NULL, '2'),
(57, '2018-0803', 147, '2.00', 2, NULL, '1'),
(58, '2018-0803', 148, '3.00', 2, NULL, '1'),
(59, '2018-0803', 150, '2.75', 2, NULL, '1'),
(60, '2018-0803', 152, '1.00', 2, NULL, '1'),
(61, '2018-0803', 161, '2.25', 2, NULL, '1'),
(62, '2018-0803', 149, '2.00', 2, NULL, '1'),
(63, '2018-0803', 154, '2.00', 2, NULL, '1'),
(64, '2018-0803', 151, '1.00', 2, NULL, '1'),
(65, '2018-0803', 155, '2.00', 2, NULL, '2'),
(66, '2018-0803', 156, '2.25', 2, NULL, '2'),
(67, '2018-0803', 157, '2.75', 2, NULL, '2'),
(68, '2018-0803', 158, '1.25', 2, NULL, '2'),
(69, '2018-0803', 160, '1.00', 2, NULL, '2'),
(70, '2018-0803', 161, '2.00', 2, NULL, '2'),
(71, '2018-0803', 159, '2.25', 2, NULL, '2'),
(72, '2018-0803', 162, '1.00', 2, NULL, '2'),
(73, '2018-0803', 163, '2.00', 3, NULL, '1'),
(74, '2018-0803', 167, '2.00', 3, NULL, '1'),
(75, '2018-0803', 163, '3.00', 3, NULL, '1'),
(76, '2018-0803', 166, '1.00', 3, NULL, '1'),
(77, '2018-0803', 168, '2.25', 3, NULL, '1'),
(78, '2018-0803', 165, '2.25', 3, NULL, '1'),
(79, '2018-0803', 169, '2.00', 3, NULL, '1');

--
-- Indexes for dumped tables
--

--
-- Indexes for table `admin`
--
ALTER TABLE `admin`
  ADD PRIMARY KEY (`id`),
  ADD KEY `fk_admin_course1_idx` (`course_id`);

--
-- Indexes for table `course`
--
ALTER TABLE `course`
  ADD PRIMARY KEY (`id`),
  ADD KEY `fk_course_institute1_idx` (`institute_id`);

--
-- Indexes for table `curriculum`
--
ALTER TABLE `curriculum`
  ADD KEY `fk_subject_has_subject_subject2_idx` (`prerequisites`),
  ADD KEY `fk_subject_has_subject_subject1_idx` (`subject_id`),
  ADD KEY `fk_prerequisite_course1` (`course_id`);

--
-- Indexes for table `institute`
--
ALTER TABLE `institute`
  ADD PRIMARY KEY (`id`);

--
-- Indexes for table `student`
--
ALTER TABLE `student`
  ADD PRIMARY KEY (`id`),
  ADD KEY `fk_Student_course1_idx` (`course_id`);

--
-- Indexes for table `subject`
--
ALTER TABLE `subject`
  ADD PRIMARY KEY (`id`);

--
-- Indexes for table `takes`
--
ALTER TABLE `takes`
  ADD PRIMARY KEY (`id`),
  ADD KEY `fk_Student_has_Subject_Subject1_idx` (`subject_id`),
  ADD KEY `fk_Student_has_Subject_Student1_idx` (`student_id`);

--
-- AUTO_INCREMENT for dumped tables
--

--
-- AUTO_INCREMENT for table `admin`
--
ALTER TABLE `admin`
  MODIFY `id` int(11) NOT NULL AUTO_INCREMENT, AUTO_INCREMENT=12;

--
-- AUTO_INCREMENT for table `course`
--
ALTER TABLE `course`
  MODIFY `id` int(11) NOT NULL AUTO_INCREMENT, AUTO_INCREMENT=65;

--
-- AUTO_INCREMENT for table `institute`
--
ALTER TABLE `institute`
  MODIFY `id` int(11) NOT NULL AUTO_INCREMENT, AUTO_INCREMENT=15;

--
-- AUTO_INCREMENT for table `subject`
--
ALTER TABLE `subject`
  MODIFY `id` int(11) NOT NULL AUTO_INCREMENT, AUTO_INCREMENT=956;

--
-- AUTO_INCREMENT for table `takes`
--
ALTER TABLE `takes`
  MODIFY `id` int(11) NOT NULL AUTO_INCREMENT, AUTO_INCREMENT=80;

--
-- Constraints for dumped tables
--

--
-- Constraints for table `admin`
--
ALTER TABLE `admin`
  ADD CONSTRAINT `fk_admin_course1` FOREIGN KEY (`course_id`) REFERENCES `course` (`id`) ON DELETE NO ACTION ON UPDATE NO ACTION;

--
-- Constraints for table `course`
--
ALTER TABLE `course`
  ADD CONSTRAINT `fk_course_institute1` FOREIGN KEY (`institute_id`) REFERENCES `institute` (`id`) ON DELETE NO ACTION ON UPDATE NO ACTION;
COMMIT;

/*!40101 SET CHARACTER_SET_CLIENT=@OLD_CHARACTER_SET_CLIENT */;
/*!40101 SET CHARACTER_SET_RESULTS=@OLD_CHARACTER_SET_RESULTS */;
/*!40101 SET COLLATION_CONNECTION=@OLD_COLLATION_CONNECTION */;
